Entity,Code,Year,Population by Country (Clio Infra (2016))
Afghanistan,AFG,1500,2000000
Afghanistan,AFG,1600,2500000
Afghanistan,AFG,1700,2500000
Afghanistan,AFG,1800,3280000
Afghanistan,AFG,1820,3280000
Afghanistan,AFG,1850,3750000
Afghanistan,AFG,1870,4207000
Afghanistan,AFG,1900,5000000
Afghanistan,AFG,1910,5730000
Afghanistan,AFG,1920,12000000
Afghanistan,AFG,1930,7000000
Afghanistan,AFG,1940,7000000
Afghanistan,AFG,1950,8150368
Afghanistan,AFG,1960,9829450
Afghanistan,AFG,1970,12430623
Afghanistan,AFG,1980,15112149
Afghanistan,AFG,1990,14669339
Afghanistan,AFG,2000,23898198
Albania,ALB,1500,200000
Albania,ALB,1600,200000
Albania,ALB,1700,300000
Albania,ALB,1800,400000
Albania,ALB,1820,437000
Albania,ALB,1850,500000
Albania,ALB,1870,603000
Albania,ALB,1890,726000
Albania,ALB,1900,800000
Albania,ALB,1910,874000
Albania,ALB,1920,932000
Albania,ALB,1930,982000
Albania,ALB,1940,1088000
Albania,ALB,1950,1227156
Albania,ALB,1960,1623114
Albania,ALB,1970,2156612
Albania,ALB,1980,2671412
Albania,ALB,1990,3250778
Albania,ALB,2000,3473835
Algeria,DZA,1500,1500000
Algeria,DZA,1600,2250000
Algeria,DZA,1700,1750000
Algeria,DZA,1800,2500000
Algeria,DZA,1820,2689000
Algeria,DZA,1850,2838452.515
Algeria,DZA,1860,3138554.592
Algeria,DZA,1870,3470385.669
Algeria,DZA,1880,3837300.368
Algeria,DZA,1890,4243007.987
Algeria,DZA,1900,4675310.976
Algeria,DZA,1910,5495165.731
Algeria,DZA,1920,5779437.471
Algeria,DZA,1930,6452568.379
Algeria,DZA,1940,7689043.171
Algeria,DZA,1950,8925443.377
Algeria,DZA,1960,10784000
Algeria,DZA,1970,13931846
Algeria,DZA,1980,18806061
Algeria,DZA,1990,25089000
Algeria,DZA,2000,30429000
Andorra,AND,1800,2654
Andorra,AND,1820,2654
Andorra,AND,1910,5000
Andorra,AND,1920,6000
Andorra,AND,1930,5000
Andorra,AND,1950,6176
Andorra,AND,1960,8392
Andorra,AND,1970,19545
Andorra,AND,1980,33584
Andorra,AND,1990,52837
Andorra,AND,2000,66824
Angola,AGO,1800,1567028
Angola,AGO,1820,1567028
Angola,AGO,1850,2428946.529
Angola,AGO,1860,2602344.577
Angola,AGO,1870,2790355.303
Angola,AGO,1880,2934372.638
Angola,AGO,1890,3085151.277
Angola,AGO,1900,2935018.814
Angola,AGO,1910,2708492.336
Angola,AGO,1920,2602082.101
Angola,AGO,1930,3019822.508
Angola,AGO,1940,3470251.637
Angola,AGO,1950,4148000
Angola,AGO,1960,5012000
Angola,AGO,1970,5605626
Angola,AGO,1980,6743000
Angola,AGO,1990,8297000
Angola,AGO,2000,10377000
Antigua and Barbuda,ATG,1800,37000
Antigua and Barbuda,ATG,1850,37000
Antigua and Barbuda,ATG,1860,37000
Antigua and Barbuda,ATG,1870,35000
Antigua and Barbuda,ATG,1880,35000
Antigua and Barbuda,ATG,1890,37000
Antigua and Barbuda,ATG,1900,35000
Antigua and Barbuda,ATG,1910,32000
Antigua and Barbuda,ATG,1920,30000
Antigua and Barbuda,ATG,1930,31000
Antigua and Barbuda,ATG,1940,42000
Antigua and Barbuda,ATG,1950,45816
Antigua and Barbuda,ATG,1960,54500
Antigua and Barbuda,ATG,1970,65624
Antigua and Barbuda,ATG,1980,68546
Antigua and Barbuda,ATG,1990,64000
Antigua and Barbuda,ATG,2000,75000
Argentina,ARG,1500,300000
Argentina,ARG,1550,300000
Argentina,ARG,1600,300000
Argentina,ARG,1650,300000
Argentina,ARG,1700,300000
Argentina,ARG,1750,400000
Argentina,ARG,1800,534000
Argentina,ARG,1810,406000
Argentina,ARG,1820,534000
Argentina,ARG,1830,634000
Argentina,ARG,1840,768000
Argentina,ARG,1850,1100000
Argentina,ARG,1860,1304000
Argentina,ARG,1870,1796000
Argentina,ARG,1890,3376000
Argentina,ARG,1900,4693000
Argentina,ARG,1910,6836000
Argentina,ARG,1920,8861000
Argentina,ARG,1930,11896000
Argentina,ARG,1940,14169000
Argentina,ARG,1950,17150336
Argentina,ARG,1960,20616009
Argentina,ARG,1970,23962313
Argentina,ARG,1980,28369799
Argentina,ARG,1990,33036000
Argentina,ARG,2000,37336000
Armenia,ARM,1800,413326
Armenia,ARM,1820,413326
Armenia,ARM,1950,1355269
Armenia,ARM,1960,1868852
Armenia,ARM,1970,2519745
Armenia,ARM,1980,3115289
Armenia,ARM,1990,3376783
Armenia,ARM,2000,3042556
Australia,AUS,1500,450000
Australia,AUS,1600,450000
Australia,AUS,1700,450000
Australia,AUS,1800,200000
Australia,AUS,1820,334000
Australia,AUS,1830,330000
Australia,AUS,1840,420000
Australia,AUS,1850,605000
Australia,AUS,1860,1326000
Australia,AUS,1870,1775000
Australia,AUS,1880,2197000
Australia,AUS,1890,3107000
Australia,AUS,1900,3741000
Australia,AUS,1910,4375000
Australia,AUS,1920,5358000
Australia,AUS,1930,6469000
Australia,AUS,1940,7042000
Australia,AUS,1950,8267337
Australia,AUS,1960,10361273
Australia,AUS,1970,12660160
Australia,AUS,1980,14615900
Australia,AUS,1990,16956000
Australia,AUS,2000,19053000
Austria,AUT,1500,2000000
Austria,AUT,1600,2500000
Austria,AUT,1650,2250000
Austria,AUT,1700,2500000
Austria,AUT,1750,2750000
Austria,AUT,1800,3000000
Austria,AUT,1820,3369000
Austria,AUT,1830,3538000
Austria,AUT,1840,3716000
Austria,AUT,1850,3950000
Austria,AUT,1860,4235000
Austria,AUT,1870,4520000
Austria,AUT,1880,4941000
Austria,AUT,1890,5394000
Austria,AUT,1900,5973000
Austria,AUT,1910,6614000
Austria,AUT,1920,6455000
Austria,AUT,1930,6684000
Austria,AUT,1940,6705000
Austria,AUT,1950,6935100
Austria,AUT,1960,7047437
Austria,AUT,1970,7467086
Austria,AUT,1980,7549433
Austria,AUT,1990,7722953
Austria,AUT,2000,8113413
Azerbaijan,AZE,1800,879960
Azerbaijan,AZE,1820,879960
Azerbaijan,AZE,1950,2885332
Azerbaijan,AZE,1960,3881546
Azerbaijan,AZE,1970,5168973
Azerbaijan,AZE,1980,6173361
Azerbaijan,AZE,1990,7199838
Azerbaijan,AZE,2000,7809000
Bahamas,BHS,1800,27350
Bahamas,BHS,1820,27350
Bahamas,BHS,1850,28000
Bahamas,BHS,1860,35000
Bahamas,BHS,1870,39000
Bahamas,BHS,1880,44000
Bahamas,BHS,1890,48000
Bahamas,BHS,1900,54000
Bahamas,BHS,1910,56000
Bahamas,BHS,1920,53000
Bahamas,BHS,1930,60000
Bahamas,BHS,1940,69000
Bahamas,BHS,1950,70498
Bahamas,BHS,1960,112234
Bahamas,BHS,1970,170323
Bahamas,BHS,1980,209944
Bahamas,BHS,1990,257253
Bahamas,BHS,2000,290075
Bahrain,BHR,1800,64474
Bahrain,BHR,1820,64474
Bahrain,BHR,1870,64474
Bahrain,BHR,1910,81882
Bahrain,BHR,1920,120000
Bahrain,BHR,1930,120000
Bahrain,BHR,1940,120000
Bahrain,BHR,1950,114840
Bahrain,BHR,1960,156648
Bahrain,BHR,1970,219543
Bahrain,BHR,1980,347568
Bahrain,BHR,1990,500476
Bahrain,BHR,2000,634137
Bangladesh,BGD,1600,12918659
Bangladesh,BGD,1700,15789473
Bangladesh,BGD,1820,20000000
Bangladesh,BGD,1870,24721000
Bangladesh,BGD,1910,31786000
Bangladesh,BGD,1930,34427000
Bangladesh,BGD,1940,41966000
Bangladesh,BGD,1950,45645964
Bangladesh,BGD,1960,54593000
Bangladesh,BGD,1970,67331000
Bangladesh,BGD,1980,87937000
Bangladesh,BGD,1990,111437000
Bangladesh,BGD,2000,136681000
Barbados,BRB,1800,81729
Barbados,BRB,1820,81729
Barbados,BRB,1850,136000
Barbados,BRB,1860,153000
Barbados,BRB,1870,162000
Barbados,BRB,1880,172000
Barbados,BRB,1890,183000
Barbados,BRB,1900,196000
Barbados,BRB,1910,172000
Barbados,BRB,1920,157000
Barbados,BRB,1930,174000
Barbados,BRB,1940,194000
Barbados,BRB,1950,210666
Barbados,BRB,1960,232339
Barbados,BRB,1970,238756
Barbados,BRB,1980,251966
Barbados,BRB,1990,262000
Barbados,BRB,2000,274000
Belarus,BLR,1800,2355081
Belarus,BLR,1820,2355081
Belarus,BLR,1950,7722155
Belarus,BLR,1960,8167918
Belarus,BLR,1970,9027198
Belarus,BLR,1980,9643706
Belarus,BLR,1990,10215208
Belarus,BLR,2000,10366719
Belgium,BEL,1500,1400000
Belgium,BEL,1600,1600000
Belgium,BEL,1650,1500000
Belgium,BEL,1700,2000000
Belgium,BEL,1750,2250000
Belgium,BEL,1800,3250000
Belgium,BEL,1820,3434000
Belgium,BEL,1830,3750000
Belgium,BEL,1840,4080000
Belgium,BEL,1850,4449000
Belgium,BEL,1860,4740000
Belgium,BEL,1870,5096000
Belgium,BEL,1880,5541000
Belgium,BEL,1890,6096000
Belgium,BEL,1900,6719000
Belgium,BEL,1910,7498000
Belgium,BEL,1920,7552000
Belgium,BEL,1930,8076000
Belgium,BEL,1940,8346000
Belgium,BEL,1950,8639369
Belgium,BEL,1960,9118700
Belgium,BEL,1970,9637800
Belgium,BEL,1980,9846800
Belgium,BEL,1990,9969310
Belgium,BEL,2000,10263618
Belize,BLZ,1800,25526
Belize,BLZ,1820,25526
Belize,BLZ,1860,26000
Belize,BLZ,1870,25000
Belize,BLZ,1880,27000
Belize,BLZ,1890,31000
Belize,BLZ,1900,37000
Belize,BLZ,1910,40000
Belize,BLZ,1920,45000
Belize,BLZ,1930,51000
Belize,BLZ,1940,59000
Belize,BLZ,1950,65797
Belize,BLZ,1960,91863
Belize,BLZ,1970,122070
Belize,BLZ,1980,144416
Belize,BLZ,1990,190847
Belize,BLZ,2000,247887
Benin,BEN,1800,636559
Benin,BEN,1820,636559
Benin,BEN,1850,791150.4669
Benin,BEN,1860,821899.5643
Benin,BEN,1870,889655.1764
Benin,BEN,1880,967817.3326
Benin,BEN,1890,1026923.453
Benin,BEN,1900,1079440.454
Benin,BEN,1910,1169579.529
Benin,BEN,1920,1257756.657
Benin,BEN,1930,1459677.948
Benin,BEN,1940,1677399.839
Benin,BEN,1950,2005000
Benin,BEN,1960,2316000
Benin,BEN,1970,2619809
Benin,BEN,1980,3458000
Benin,BEN,1990,4705000
Benin,BEN,2000,6619000
Bhutan,BTN,1800,392287
Bhutan,BTN,1820,392287
Bhutan,BTN,1910,250000
Bhutan,BTN,1920,250000
Bhutan,BTN,1930,250000
Bhutan,BTN,1940,250000
Bhutan,BTN,1950,164000
Bhutan,BTN,1960,212000
Bhutan,BTN,1970,309000
Bhutan,BTN,1980,446000
Bhutan,BTN,1990,615000
Bhutan,BTN,2000,606000
Bolivia,BOL,1500,900000
Bolivia,BOL,1550,803000
Bolivia,BOL,1600,670000
Bolivia,BOL,1650,591000
Bolivia,BOL,1700,534000
Bolivia,BOL,1750,562000
Bolivia,BOL,1800,887000
Bolivia,BOL,1820,1100000
Bolivia,BOL,1850,1374000
Bolivia,BOL,1870,1495000
Bolivia,BOL,1880,1098000
Bolivia,BOL,1900,1696000
Bolivia,BOL,1910,1837000
Bolivia,BOL,1920,2136000
Bolivia,BOL,1930,2397000
Bolivia,BOL,1940,2690000
Bolivia,BOL,1950,2766028
Bolivia,BOL,1960,3434073
Bolivia,BOL,1970,4346218
Bolivia,BOL,1980,5441298
Bolivia,BOL,1990,6573900
Bolivia,BOL,2000,8195000
Bosnia and Herzegovina,BIH,1800,851806
Bosnia and Herzegovina,BIH,1820,851806
Bosnia and Herzegovina,BIH,1870,1158000
Bosnia and Herzegovina,BIH,1880,1360000
Bosnia and Herzegovina,BIH,1890,1568000
Bosnia and Herzegovina,BIH,1910,1972000
Bosnia and Herzegovina,BIH,1950,2662000
Bosnia and Herzegovina,BIH,1960,3240000
Bosnia and Herzegovina,BIH,1970,3703000
Bosnia and Herzegovina,BIH,1980,4092000
Bosnia and Herzegovina,BIH,1990,4423646
Bosnia and Herzegovina,BIH,2000,4035457
Botswana,BWA,1800,121000
Botswana,BWA,1850,100046.0698
Botswana,BWA,1860,110623.6762
Botswana,BWA,1870,122319.6249
Botswana,BWA,1880,135252.1553
Botswana,BWA,1890,149552.008
Botswana,BWA,1900,165363.7463
Botswana,BWA,1910,194663.3681
Botswana,BWA,1920,227038.2813
Botswana,BWA,1930,279529.3798
Botswana,BWA,1940,341361.8393
Botswana,BWA,1950,412827
Botswana,BWA,1960,528827
Botswana,BWA,1970,583999
Botswana,BWA,1980,900476
Botswana,BWA,1990,1265000
Botswana,BWA,2000,1680000
Brazil,BRA,1500,1000000
Brazil,BRA,1600,800000
Brazil,BRA,1700,1250000
Brazil,BRA,1750,1500000
Brazil,BRA,1800,2500000
Brazil,BRA,1820,4507000
Brazil,BRA,1850,7234000
Brazil,BRA,1870,9797000
Brazil,BRA,1880,11794000
Brazil,BRA,1890,14199000
Brazil,BRA,1900,17984000
Brazil,BRA,1910,22216000
Brazil,BRA,1920,27404000
Brazil,BRA,1930,33568000
Brazil,BRA,1940,41114000
Brazil,BRA,1950,53443075
Brazil,BRA,1960,71694810
Brazil,BRA,1970,95684297
Brazil,BRA,1980,123020000
Brazil,BRA,1990,151170000
Brazil,BRA,2000,176320000
Brunei,BRN,1910,22000
Brunei,BRN,1920,26000
Brunei,BRN,1930,30000
Brunei,BRN,1940,41000
Brunei,BRN,1950,44983
Brunei,BRN,1960,83037
Brunei,BRN,1970,127554
Brunei,BRN,1980,185220
Brunei,BRN,1990,253000
Brunei,BRN,2000,325000
Bulgaria,BGR,1500,800000
Bulgaria,BGR,1600,1250000
Bulgaria,BGR,1700,1250000
Bulgaria,BGR,1800,2250000
Bulgaria,BGR,1820,2187000
Bulgaria,BGR,1850,2500000
Bulgaria,BGR,1870,2586000
Bulgaria,BGR,1890,3445000
Bulgaria,BGR,1900,4000000
Bulgaria,BGR,1910,4520000
Bulgaria,BGR,1920,5072000
Bulgaria,BGR,1930,6027000
Bulgaria,BGR,1940,6666000
Bulgaria,BGR,1950,7250500
Bulgaria,BGR,1960,7867374
Bulgaria,BGR,1970,8489574
Bulgaria,BGR,1980,8843528
Bulgaria,BGR,1990,8894028
Bulgaria,BGR,2000,7818495
Burkina Faso,BFA,1800,1665421
Burkina Faso,BFA,1820,1665421
Burkina Faso,BFA,1850,1851686.528
Burkina Faso,BFA,1860,1889055.346
Burkina Faso,BFA,1870,1927178.303
Burkina Faso,BFA,1880,2005667.908
Burkina Faso,BFA,1890,2087354.217
Burkina Faso,BFA,1900,2194101.788
Burkina Faso,BFA,1910,2447757.146
Burkina Faso,BFA,1920,2650779.775
Burkina Faso,BFA,1930,3016255.327
Burkina Faso,BFA,1940,3398390.077
Burkina Faso,BFA,1950,3983000
Burkina Faso,BFA,1960,4563000
Burkina Faso,BFA,1970,5303777
Burkina Faso,BFA,1980,6318000
Burkina Faso,BFA,1990,8361000
Burkina Faso,BFA,2000,11588000
Burundi,BDI,1800,899097
Burundi,BDI,1820,899097
Burundi,BDI,1850,1410005.06
Burundi,BDI,1860,1496926.506
Burundi,BDI,1870,1589206.328
Burundi,BDI,1880,1704021.191
Burundi,BDI,1890,1827131.045
Burundi,BDI,1900,1737802.846
Burundi,BDI,1910,1603678.201
Burundi,BDI,1920,1540673.491
Burundi,BDI,1930,1788014.484
Burundi,BDI,1940,2054710.227
Burundi,BDI,1950,2456000
Burundi,BDI,1960,2940000
Burundi,BDI,1970,3521913
Burundi,BDI,1980,4299555
Burundi,BDI,1990,5505113
Burundi,BDI,2000,6621126
Cambodia,KHM,1800,2090000
Cambodia,KHM,1820,2090000
Cambodia,KHM,1870,2340000
Cambodia,KHM,1910,3070000
Cambodia,KHM,1930,2806000
Cambodia,KHM,1940,3046000
Cambodia,KHM,1950,4471170
Cambodia,KHM,1960,5761223
Cambodia,KHM,1970,7396000
Cambodia,KHM,1980,6888000
Cambodia,KHM,1990,9345000
Cambodia,KHM,2000,12396000
Cameroon,CMR,1800,1860054
Cameroon,CMR,1820,1860054
Cameroon,CMR,1850,2767546.522
Cameroon,CMR,1860,2900759.681
Cameroon,CMR,1870,3050839.902
Cameroon,CMR,1880,3241372.004
Cameroon,CMR,1890,3444452.433
Cameroon,CMR,1900,3312922.56
Cameroon,CMR,1910,3040692.391
Cameroon,CMR,1920,2912172.074
Cameroon,CMR,1930,3323212.105
Cameroon,CMR,1940,3777105.322
Cameroon,CMR,1950,4466000
Cameroon,CMR,1960,5408000
Cameroon,CMR,1970,6726733
Cameroon,CMR,1980,8762000
Cameroon,CMR,1990,11884000
Cameroon,CMR,2000,15343000
Canada,CAN,1500,250000
Canada,CAN,1600,250000
Canada,CAN,1700,200000
Canada,CAN,1750,300000
Canada,CAN,1800,500000
Canada,CAN,1820,816000
Canada,CAN,1830,1169000
Canada,CAN,1840,1697000
Canada,CAN,1850,2485000
Canada,CAN,1860,3369000
Canada,CAN,1870,3781000
Canada,CAN,1880,4384000
Canada,CAN,1890,4918000
Canada,CAN,1900,5457000
Canada,CAN,1910,7188000
Canada,CAN,1920,8798000
Canada,CAN,1930,10488000
Canada,CAN,1940,11688000
Canada,CAN,1950,14011422
Canada,CAN,1960,18266765
Canada,CAN,1970,21749986
Canada,CAN,1980,24593300
Canada,CAN,1990,27790600
Canada,CAN,2000,31100000
Cape Verde,CPV,1550,10000
Cape Verde,CPV,1700,20000
Cape Verde,CPV,1800,55716
Cape Verde,CPV,1820,55716
Cape Verde,CPV,1910,144000
Cape Verde,CPV,1920,127000
Cape Verde,CPV,1930,146000
Cape Verde,CPV,1940,182000
Cape Verde,CPV,1950,146403
Cape Verde,CPV,1960,196768
Cape Verde,CPV,1970,268867
Cape Verde,CPV,1980,296042
Cape Verde,CPV,1990,349264
Cape Verde,CPV,2000,402000
Central African Republic,CAF,1800,479444
Central African Republic,CAF,1820,479444
Central African Republic,CAF,1850,930846.5047
Central African Republic,CAF,1860,935801.85
Central African Republic,CAF,1870,954111.7341
Central African Republic,CAF,1880,987324.3389
Central African Republic,CAF,1890,1021921.005
Central African Republic,CAF,1900,976535.8291
Central African Republic,CAF,1910,919500.6195
Central African Republic,CAF,1920,874497.7715
Central African Republic,CAF,1930,995068.9177
Central African Republic,CAF,1940,1121135.968
Central African Republic,CAF,1950,1314000
Central African Republic,CAF,1960,1530000
Central African Republic,CAF,1970,1839245
Central African Republic,CAF,1980,2349000
Central African Republic,CAF,1990,3085000
Central African Republic,CAF,2000,3940000
Chad,TCD,1800,1432000
Chad,TCD,1850,1787521.962
Chad,TCD,1860,1805477.835
Chad,TCD,1870,1823614.077
Chad,TCD,1880,1860416.366
Chad,TCD,1890,1897961.361
Chad,TCD,1900,1751475.587
Chad,TCD,1910,1682664.268
Chad,TCD,1920,1616556.383
Chad,TCD,1930,1839438.662
Chad,TCD,1940,2072480.416
Chad,TCD,1950,2429000
Chad,TCD,1960,2967000
Chad,TCD,1970,3727000
Chad,TCD,1980,4522000
Chad,TCD,1990,5841000
Chad,TCD,2000,7943000
Chile,CHL,1500,600000
Chile,CHL,1550,700000
Chile,CHL,1600,600000
Chile,CHL,1650,600000
Chile,CHL,1700,600000
Chile,CHL,1750,700000
Chile,CHL,1800,771447
Chile,CHL,1820,771447
Chile,CHL,1830,965173
Chile,CHL,1840,1180761
Chile,CHL,1850,1409885
Chile,CHL,1860,1660659
Chile,CHL,1870,1944569
Chile,CHL,1880,2264042
Chile,CHL,1890,2607769
Chile,CHL,1900,2958986
Chile,CHL,1910,3317166
Chile,CHL,1920,3722598
Chile,CHL,1930,4265756
Chile,CHL,1940,5056404
Chile,CHL,1950,6090833
Chile,CHL,1960,7585349
Chile,CHL,1970,9368558
Chile,CHL,1980,11093718
Chile,CHL,1990,13129000
Chile,CHL,2000,15156000
China,CHN,1500,103000000
China,CHN,1600,160000000
China,CHN,1650,140000000
China,CHN,1700,138000000
China,CHN,1750,225000000
China,CHN,1800,330000000
China,CHN,1810,345717000
China,CHN,1820,381000000
China,CHN,1830,409000000
China,CHN,1840,412000000
China,CHN,1850,412000000
China,CHN,1860,377000000
China,CHN,1870,358000000
China,CHN,1880,368000000
China,CHN,1890,380000000
China,CHN,1900,400000000
China,CHN,1910,423000000
China,CHN,1920,472000000
China,CHN,1930,489000000
China,CHN,1940,518770000
China,CHN,1950,546815000
China,CHN,1960,667070000
China,CHN,1970,818315000
China,CHN,1980,981861000
China,CHN,1990,1135185000
China,CHN,2000,1262645000
Colombia,COL,1500,1000000
Colombia,COL,1550,900000
Colombia,COL,1600,800000
Colombia,COL,1650,800000
Colombia,COL,1700,800000
Colombia,COL,1750,807000
Colombia,COL,1800,1206000
Colombia,COL,1820,1206000
Colombia,COL,1830,1686000
Colombia,COL,1840,1932000
Colombia,COL,1850,2065000
Colombia,COL,1860,2694000
Colombia,COL,1870,2392000
Colombia,COL,1890,3369000
Colombia,COL,1900,3998000
Colombia,COL,1910,4890000
Colombia,COL,1920,6213000
Colombia,COL,1930,7914000
Colombia,COL,1940,9174000
Colombia,COL,1950,11591658
Colombia,COL,1960,15952727
Colombia,COL,1970,21429658
Colombia,COL,1980,26631000
Colombia,COL,1990,32957000
Colombia,COL,2000,39817000
Comoros,COM,1500,10000
Comoros,COM,1600,20000
Comoros,COM,1700,30000
Comoros,COM,1750,40000
Comoros,COM,1800,56346
Comoros,COM,1820,56346
Comoros,COM,1850,60000
Comoros,COM,1900,80000
Comoros,COM,1920,120000
Comoros,COM,1950,148057
Comoros,COM,1960,182899
Comoros,COM,1970,236252
Comoros,COM,1980,333513
Comoros,COM,1990,429010
Comoros,COM,2000,579000
Congo,COG,1800,314465
Congo,COG,1820,314465
Congo,COG,1850,507653.2572
Congo,COG,1860,507653.2572
Congo,COG,1870,538948.1485
Congo,COG,1880,583649.7521
Congo,COG,1890,625816.5022
Congo,COG,1900,595220.415
Congo,COG,1910,538306.674
Congo,COG,1920,506866.523
Congo,COG,1930,588239.2927
Congo,COG,1940,675979.5859
Congo,COG,1950,808000
Congo,COG,1960,1003000
Congo,COG,1970,1272408
Congo,COG,1980,1674005
Congo,COG,1990,2266000
Congo,COG,2000,3104000
Costa Rica,CRI,1700,19000
Costa Rica,CRI,1750,24000
Costa Rica,CRI,1800,53000
Costa Rica,CRI,1820,63000
Costa Rica,CRI,1830,78000
Costa Rica,CRI,1840,94000
Costa Rica,CRI,1850,101000
Costa Rica,CRI,1860,120000
Costa Rica,CRI,1870,137000
Costa Rica,CRI,1880,182000
Costa Rica,CRI,1890,243000
Costa Rica,CRI,1900,297000
Costa Rica,CRI,1910,363000
Costa Rica,CRI,1920,420000
Costa Rica,CRI,1930,500000
Costa Rica,CRI,1940,620000
Costa Rica,CRI,1950,866982
Costa Rica,CRI,1960,1248022
Costa Rica,CRI,1970,1735523
Costa Rica,CRI,1980,2299124
Costa Rica,CRI,1990,3027175
Costa Rica,CRI,2000,3710558
Cote d'Ivoire,CIV,1800,1088530
Cote d'Ivoire,CIV,1820,1088530
Cote d'Ivoire,CIV,1850,1033828.502
Cote d'Ivoire,CIV,1860,1108519.167
Cote d'Ivoire,CIV,1870,1176855.154
Cote d'Ivoire,CIV,1880,1261879.019
Cote d'Ivoire,CIV,1890,1326411.678
Cote d'Ivoire,CIV,1900,1422240.503
Cote d'Ivoire,CIV,1910,1480165.136
Cote d'Ivoire,CIV,1920,1571411.683
Cote d'Ivoire,CIV,1930,1823687.411
Cote d'Ivoire,CIV,1940,2095704.038
Cote d'Ivoire,CIV,1950,2505000
Cote d'Ivoire,CIV,1960,3557000
Cote d'Ivoire,CIV,1970,5579000
Cote d'Ivoire,CIV,1980,8593000
Cote d'Ivoire,CIV,1990,12491000
Cote d'Ivoire,CIV,2000,16885000
Croatia,HRV,1800,1227886
Croatia,HRV,1820,1227886
Croatia,HRV,1950,3837297
Croatia,HRV,1960,4036145
Croatia,HRV,1970,4205389
Croatia,HRV,1980,4383000
Croatia,HRV,1990,4508347
Croatia,HRV,2000,4410830
Cuba,CUB,1650,30000
Cuba,CUB,1750,172000
Cuba,CUB,1800,272000
Cuba,CUB,1810,572000
Cuba,CUB,1820,605000
Cuba,CUB,1830,1008000
Cuba,CUB,1840,1008000
Cuba,CUB,1850,1186000
Cuba,CUB,1860,1397000
Cuba,CUB,1870,1331000
Cuba,CUB,1880,1522000
Cuba,CUB,1890,1632000
Cuba,CUB,1900,1658000
Cuba,CUB,1910,2219000
Cuba,CUB,1920,2997000
Cuba,CUB,1930,3837000
Cuba,CUB,1940,4566000
Cuba,CUB,1950,5784797
Cuba,CUB,1960,7027210
Cuba,CUB,1970,8542746
Cuba,CUB,1980,9652975
Cuba,CUB,1990,10513000
Cuba,CUB,2000,11106000
Cyprus,CYP,1600,180000
Cyprus,CYP,1800,184392
Cyprus,CYP,1880,186000
Cyprus,CYP,1890,209000
Cyprus,CYP,1900,237000
Cyprus,CYP,1910,274000
Cyprus,CYP,1920,311000
Cyprus,CYP,1930,348000
Cyprus,CYP,1940,450000
Cyprus,CYP,1950,494000
Cyprus,CYP,1960,573000
Cyprus,CYP,1970,614600
Cyprus,CYP,1980,611000
Cyprus,CYP,1990,681349
Cyprus,CYP,2000,758363
Czechia,CZE,1800,5516349
Czechia,CZE,1820,5516349
Czechia,CZE,1950,8925122
Czechia,CZE,1960,9659818
Czechia,CZE,1970,9795226
Czechia,CZE,1980,10288726
Czechia,CZE,1990,10309514
Czechia,CZE,2000,10270128
Democratic Republic of Congo,COD,1800,5163819
Democratic Republic of Congo,COD,1820,5163819
Democratic Republic of Congo,COD,1850,8222557.963
Democratic Republic of Congo,COD,1860,8269611.177
Democratic Republic of Congo,COD,1870,8810813.957
Democratic Republic of Congo,COD,1880,9507902.471
Democratic Republic of Congo,COD,1890,9949945.4
Democratic Republic of Congo,COD,1900,9449636.508
Democratic Republic of Congo,COD,1910,8546081.873
Democratic Republic of Congo,COD,1920,8055659.88
Democratic Republic of Congo,COD,1930,9186081.219
Democratic Republic of Congo,COD,1940,10372599.52
Democratic Republic of Congo,COD,1950,12184000
Democratic Republic of Congo,COD,1960,15451000
Democratic Republic of Congo,COD,1970,21780955
Democratic Republic of Congo,COD,1980,29013000
Democratic Republic of Congo,COD,1990,39047000
Democratic Republic of Congo,COD,2000,51849000
Denmark,DNK,1500,600000
Denmark,DNK,1600,650000
Denmark,DNK,1700,700000
Denmark,DNK,1800,1000000
Denmark,DNK,1820,1155000
Denmark,DNK,1830,1273000
Denmark,DNK,1840,1357000
Denmark,DNK,1850,1499000
Denmark,DNK,1860,1696000
Denmark,DNK,1870,1888000
Denmark,DNK,1880,2081000
Denmark,DNK,1890,2294000
Denmark,DNK,1900,2561000
Denmark,DNK,1910,2882000
Denmark,DNK,1920,3242000
Denmark,DNK,1930,3542000
Denmark,DNK,1940,3832000
Denmark,DNK,1950,4271000
Denmark,DNK,1960,4581000
Denmark,DNK,1970,4928757
Denmark,DNK,1980,5123027
Denmark,DNK,1990,5140954
Denmark,DNK,2000,5337416
Djibouti,DJI,1800,22848
Djibouti,DJI,1820,22848
Djibouti,DJI,1850,40414.27411
Djibouti,DJI,1860,40414.27411
Djibouti,DJI,1870,40414.27411
Djibouti,DJI,1880,40820.24035
Djibouti,DJI,1890,41230.28458
Djibouti,DJI,1900,42484.02567
Djibouti,DJI,1910,43775.89084
Djibouti,DJI,1920,44659.33049
Djibouti,DJI,1930,49331.68457
Djibouti,DJI,1940,53423.36837
Djibouti,DJI,1950,62000
Djibouti,DJI,1960,85000
Djibouti,DJI,1970,158034
Djibouti,DJI,1980,279149
Djibouti,DJI,1990,366088
Djibouti,DJI,2000,430822
Dominica,DMA,1800,19950
Dominica,DMA,1820,19950
Dominica,DMA,1840,22000
Dominica,DMA,1860,25000
Dominica,DMA,1870,27000
Dominica,DMA,1880,28000
Dominica,DMA,1890,27000
Dominica,DMA,1900,29000
Dominica,DMA,1910,34000
Dominica,DMA,1920,37000
Dominica,DMA,1930,43000
Dominica,DMA,1940,48000
Dominica,DMA,1950,51423
Dominica,DMA,1960,60256
Dominica,DMA,1970,70764
Dominica,DMA,1980,74000
Dominica,DMA,1990,70000
Dominica,DMA,2000,71000
Dominican Republic,DOM,1650,70000
Dominican Republic,DOM,1700,100000
Dominican Republic,DOM,1750,130000
Dominican Republic,DOM,1800,150000
Dominican Republic,DOM,1820,89000
Dominican Republic,DOM,1850,146000
Dominican Republic,DOM,1870,242000
Dominican Republic,DOM,1900,515000
Dominican Republic,DOM,1910,688000
Dominican Republic,DOM,1920,879000
Dominican Republic,DOM,1930,1256000
Dominican Republic,DOM,1940,1674000
Dominican Republic,DOM,1950,2352968
Dominican Republic,DOM,1960,3231488
Dominican Republic,DOM,1970,4422755
Dominican Republic,DOM,1980,5696855
Dominican Republic,DOM,1990,7083000
Dominican Republic,DOM,2000,8410000
Ecuador,ECU,1500,600000
Ecuador,ECU,1550,550000
Ecuador,ECU,1600,500000
Ecuador,ECU,1650,500000
Ecuador,ECU,1700,500000
Ecuador,ECU,1750,500000
Ecuador,ECU,1800,500000
Ecuador,ECU,1820,500000
Ecuador,ECU,1850,816000
Ecuador,ECU,1870,1013000
Ecuador,ECU,1900,1400000
Ecuador,ECU,1910,1617000
Ecuador,ECU,1920,1790000
Ecuador,ECU,1930,1944000
Ecuador,ECU,1940,2466000
Ecuador,ECU,1950,3369955
Ecuador,ECU,1960,4415956
Ecuador,ECU,1970,5939246
Ecuador,ECU,1980,7920499
Ecuador,ECU,1990,10318036
Ecuador,ECU,2000,12446000
Egypt,EGY,1500,4000000
Egypt,EGY,1600,5000000
Egypt,EGY,1700,4500000
Egypt,EGY,1800,3500000
Egypt,EGY,1820,4194000
Egypt,EGY,1840,4476000
Egypt,EGY,1850,5683845.834
Egypt,EGY,1860,6284783.822
Egypt,EGY,1870,6949257.394
Egypt,EGY,1880,7683984
Egypt,EGY,1890,8799253.883
Egypt,EGY,1900,10176305.71
Egypt,EGY,1910,11698511.7
Egypt,EGY,1920,13139464.51
Egypt,EGY,1930,14679848.82
Egypt,EGY,1940,16812181.46
Egypt,EGY,1950,21834000
Egypt,EGY,1960,27840000
Egypt,EGY,1970,33574026
Egypt,EGY,1980,42634215
Egypt,EGY,1990,56683000
Egypt,EGY,2000,70512000
El Salvador,SLV,1800,248000
El Salvador,SLV,1810,165000
El Salvador,SLV,1820,248000
El Salvador,SLV,1850,366000
El Salvador,SLV,1870,492000
El Salvador,SLV,1880,613000
El Salvador,SLV,1890,704000
El Salvador,SLV,1900,766000
El Salvador,SLV,1910,946000
El Salvador,SLV,1920,1170000
El Salvador,SLV,1930,1440000
El Salvador,SLV,1940,1630000
El Salvador,SLV,1950,1939800
El Salvador,SLV,1960,2581583
El Salvador,SLV,1970,3603907
El Salvador,SLV,1980,4566199
El Salvador,SLV,1990,5099884
El Salvador,SLV,2000,6126000
Equatorial Guinea,GNQ,1800,80377
Equatorial Guinea,GNQ,1820,80377
Equatorial Guinea,GNQ,1850,108342.2757
Equatorial Guinea,GNQ,1860,115021.1647
Equatorial Guinea,GNQ,1870,122111.7817
Equatorial Guinea,GNQ,1880,130933.9511
Equatorial Guinea,GNQ,1890,140393.4929
Equatorial Guinea,GNQ,1900,133529.6733
Equatorial Guinea,GNQ,1910,120761.8431
Equatorial Guinea,GNQ,1920,113708.6691
Equatorial Guinea,GNQ,1930,129386.2215
Equatorial Guinea,GNQ,1940,145778.3919
Equatorial Guinea,GNQ,1950,226000
Equatorial Guinea,GNQ,1960,252000
Equatorial Guinea,GNQ,1970,270435
Equatorial Guinea,GNQ,1980,256009
Equatorial Guinea,GNQ,1990,371000
Equatorial Guinea,GNQ,2000,491000
Eritrea,ERI,1800,205010
Eritrea,ERI,1820,205010
Eritrea,ERI,1850,700663.2285
Eritrea,ERI,1860,700663.2285
Eritrea,ERI,1870,700663.2285
Eritrea,ERI,1880,707701.4749
Eritrea,ERI,1890,714810.4212
Eritrea,ERI,1900,721990.7779
Eritrea,ERI,1910,774152.2062
Eritrea,ERI,1920,821875.7434
Eritrea,ERI,1930,907862.1305
Eritrea,ERI,1940,983162.3114
Eritrea,ERI,1950,1141000
Eritrea,ERI,1960,1424000
Eritrea,ERI,1970,2160460
Eritrea,ERI,1980,2568741
Eritrea,ERI,1990,3138000
Eritrea,ERI,2000,4197000
Estonia,EST,1800,334136
Estonia,EST,1820,334136
Estonia,EST,1910,986000
Estonia,EST,1920,1115000
Estonia,EST,1930,1124000
Estonia,EST,1940,1122000
Estonia,EST,1950,1095610
Estonia,EST,1960,1210647
Estonia,EST,1970,1363183
Estonia,EST,1980,1482196
Estonia,EST,1990,1569322
Estonia,EST,2000,1379835
Eswatini,SWZ,1800,86000
Eswatini,SWZ,1850,66159.86129
Eswatini,SWZ,1860,73154.76845
Eswatini,SWZ,1870,80889.22865
Eswatini,SWZ,1880,89441.43287
Eswatini,SWZ,1890,98897.83903
Eswatini,SWZ,1900,109354.046
Eswatini,SWZ,1910,128729.7088
Eswatini,SWZ,1920,150139.0432
Eswatini,SWZ,1930,184851.0894
Eswatini,SWZ,1940,225740.5212
Eswatini,SWZ,1950,273000
Eswatini,SWZ,1960,347081
Eswatini,SWZ,1970,455145
Eswatini,SWZ,1980,611447
Eswatini,SWZ,1990,884616
Eswatini,SWZ,2000,1109750
Ethiopia,ETH,1850,18434000
Ethiopia,ETH,1860,18434000
Ethiopia,ETH,1870,18434000
Ethiopia,ETH,1880,18434000
Ethiopia,ETH,1890,18434000
Ethiopia,ETH,1900,18434000
Ethiopia,ETH,1910,18434000
Ethiopia,ETH,1920,18434000
Ethiopia,ETH,1930,18434000
Ethiopia,ETH,1940,18434000
Ethiopia,ETH,1950,18434000
Ethiopia,ETH,1960,22942000
Ethiopia,ETH,1970,29468504
Ethiopia,ETH,1980,36036000
Ethiopia,ETH,1990,48397000
Ethiopia,ETH,2000,64165000
Fiji,FJI,1700,118803
Fiji,FJI,1800,130533
Fiji,FJI,1840,140000
Fiji,FJI,1850,137000
Fiji,FJI,1880,127000
Fiji,FJI,1890,121000
Fiji,FJI,1900,120000
Fiji,FJI,1910,140000
Fiji,FJI,1920,157000
Fiji,FJI,1930,198000
Fiji,FJI,1940,260000
Fiji,FJI,1950,287348
Fiji,FJI,1960,393348
Fiji,FJI,1970,521000
Fiji,FJI,1980,634506
Fiji,FJI,1990,738090
Fiji,FJI,2000,833000
Finland,FIN,1500,300000
Finland,FIN,1600,400000
Finland,FIN,1700,400000
Finland,FIN,1800,800000
Finland,FIN,1820,1169000
Finland,FIN,1830,1364000
Finland,FIN,1840,1441000
Finland,FIN,1850,1628000
Finland,FIN,1860,1738000
Finland,FIN,1870,1754000
Finland,FIN,1880,2047000
Finland,FIN,1890,2364000
Finland,FIN,1900,2646000
Finland,FIN,1910,2929000
Finland,FIN,1920,3133000
Finland,FIN,1930,3449000
Finland,FIN,1940,3698000
Finland,FIN,1950,4008900
Finland,FIN,1960,4429600
Finland,FIN,1970,4606307
Finland,FIN,1980,4779535
Finland,FIN,1990,4986431
Finland,FIN,2000,5168595
France,FRA,1500,15000000
France,FRA,1600,18500000
France,FRA,1650,21000000
France,FRA,1700,21471000
France,FRA,1750,24000000
France,FRA,1800,29000000
France,FRA,1820,31250000
France,FRA,1830,33300000
France,FRA,1840,34900000
France,FRA,1850,36350000
France,FRA,1860,37300000
France,FRA,1870,38440000
France,FRA,1880,39045000
France,FRA,1890,40014000
France,FRA,1900,40598000
France,FRA,1910,41224000
France,FRA,1920,39000000
France,FRA,1930,41610000
France,FRA,1940,41000000
France,FRA,1950,42518000
France,FRA,1960,46584000
France,FRA,1970,51918000
France,FRA,1980,55110000
France,FRA,1990,58168000
France,FRA,2000,61137000
Gabon,GAB,1800,158227
Gabon,GAB,1820,158227
Gabon,GAB,1850,297399.7244
Gabon,GAB,1860,315733.2855
Gabon,GAB,1870,335197.041
Gabon,GAB,1880,359413.9104
Gabon,GAB,1890,385380.3681
Gabon,GAB,1900,366539.1722
Gabon,GAB,1910,331491.4571
Gabon,GAB,1920,312130.4831
Gabon,GAB,1930,355165.39
Gabon,GAB,1940,400161.9247
Gabon,GAB,1950,469000
Gabon,GAB,1960,486000
Gabon,GAB,1970,514597
Gabon,GAB,1980,713502
Gabon,GAB,1990,938000
Gabon,GAB,2000,1236000
Gambia,GMB,1800,103274
Gambia,GMB,1820,103274
Gambia,GMB,1850,112066.916
Gambia,GMB,1860,118975.4148
Gambia,GMB,1870,126309.7964
Gambia,GMB,1880,138149.3027
Gambia,GMB,1890,151098.5719
Gambia,GMB,1900,162014.9403
Gambia,GMB,1910,173719.98
Gambia,GMB,1920,184429.1556
Gambia,GMB,1930,214037.5644
Gambia,GMB,1940,245962.8691
Gambia,GMB,1950,294000
Gambia,GMB,1960,360000
Gambia,GMB,1970,484580
Gambia,GMB,1980,670523
Gambia,GMB,1990,949255
Gambia,GMB,2000,1367884
Georgia,GEO,1800,1072178
Georgia,GEO,1820,1072178
Georgia,GEO,1950,3515602
Georgia,GEO,1960,4146570
Georgia,GEO,1970,4694491
Georgia,GEO,1980,5045697
Georgia,GEO,1990,5426207
Georgia,GEO,2000,4777209
Germany,DEU,1500,12000000
Germany,DEU,1600,16000000
Germany,DEU,1650,11000000
Germany,DEU,1700,15000000
Germany,DEU,1750,15000000
Germany,DEU,1800,18000000
Germany,DEU,1820,24905000
Germany,DEU,1830,28045000
Germany,DEU,1840,31126000
Germany,DEU,1850,33746000
Germany,DEU,1860,36049000
Germany,DEU,1870,39231000
Germany,DEU,1880,43500000
Germany,DEU,1890,47607000
Germany,DEU,1900,54388000
Germany,DEU,1910,62884000
Germany,DEU,1920,60894000
Germany,DEU,1930,65084000
Germany,DEU,1940,69835000
Germany,DEU,1950,68374572
Germany,DEU,1960,72480869
Germany,DEU,1970,77783164
Germany,DEU,1980,78297904
Germany,DEU,1990,79380394
Germany,DEU,2000,82187909
Ghana,GHA,1800,2016034
Ghana,GHA,1820,2016034
Ghana,GHA,1850,1981047.288
Ghana,GHA,1860,2093097.807
Ghana,GHA,1870,2211645.543
Ghana,GHA,1880,2365900.515
Ghana,GHA,1890,2564875.519
Ghana,GHA,1900,2799906.606
Ghana,GHA,1910,3056579.046
Ghana,GHA,1920,3288986.609
Ghana,GHA,1930,3817003.232
Ghana,GHA,1940,4386337.833
Ghana,GHA,1950,5243000
Ghana,GHA,1960,7126000
Ghana,GHA,1970,8788945
Ghana,GHA,1980,11017000
Ghana,GHA,1990,15414000
Ghana,GHA,2000,19736000
Greece,GRC,1500,1000000
Greece,GRC,1600,1500000
Greece,GRC,1700,1500000
Greece,GRC,1800,2250000
Greece,GRC,1820,2312000
Greece,GRC,1830,2534000
Greece,GRC,1840,2777000
Greece,GRC,1850,3044000
Greece,GRC,1860,3336000
Greece,GRC,1870,3657000
Greece,GRC,1880,4049000
Greece,GRC,1890,4482000
Greece,GRC,1900,4962000
Greece,GRC,1910,5320000
Greece,GRC,1920,5700000
Greece,GRC,1930,6351000
Greece,GRC,1940,7280000
Greece,GRC,1950,7566028
Greece,GRC,1960,8327405
Greece,GRC,1970,8792806
Greece,GRC,1980,9642505
Greece,GRC,1990,10129603
Greece,GRC,2000,10559110
Grenada,GRD,1800,29409
Grenada,GRD,1820,29409
Grenada,GRD,1850,33000
Grenada,GRD,1860,32000
Grenada,GRD,1870,38000
Grenada,GRD,1880,42000
Grenada,GRD,1890,53000
Grenada,GRD,1900,63000
Grenada,GRD,1910,67000
Grenada,GRD,1920,66000
Grenada,GRD,1930,79000
Grenada,GRD,1940,90000
Grenada,GRD,1950,75806
Grenada,GRD,1960,90148
Grenada,GRD,1970,95410
Grenada,GRD,1980,90164
Grenada,GRD,1990,92360
Grenada,GRD,2000,89312
Guatemala,GTM,1750,315000
Guatemala,GTM,1820,595000
Guatemala,GTM,1840,706000
Guatemala,GTM,1850,850000
Guatemala,GTM,1870,1080000
Guatemala,GTM,1880,1225000
Guatemala,GTM,1890,1364000
Guatemala,GTM,1900,1300000
Guatemala,GTM,1910,1441000
Guatemala,GTM,1920,1597000
Guatemala,GTM,1930,1771000
Guatemala,GTM,1940,2200000
Guatemala,GTM,1950,2968976
Guatemala,GTM,1960,4100000
Guatemala,GTM,1970,5264000
Guatemala,GTM,1980,6650000
Guatemala,GTM,1990,8966000
Guatemala,GTM,2000,11085000
Guinea,GIN,1800,983959
Guinea,GIN,1820,983959
Guinea,GIN,1850,1028674.938
Guinea,GIN,1860,1081281.51
Guinea,GIN,1870,1147938.4
Guinea,GIN,1880,1230873.125
Guinea,GIN,1890,1319799.608
Guinea,GIN,1900,1387294.334
Guinea,GIN,1910,1487521.728
Guinea,GIN,1920,1610900.214
Guinea,GIN,1930,1906681.569
Guinea,GIN,1940,2191077.395
Guinea,GIN,1950,2619000
Guinea,GIN,1960,3118000
Guinea,GIN,1970,3643000
Guinea,GIN,1980,4447000
Guinea,GIN,1990,6118000
Guinea,GIN,2000,8350000
Guinea-Bissau,GNB,1800,218167
Guinea-Bissau,GNB,1820,218167
Guinea-Bissau,GNB,1850,210507.9675
Guinea-Bissau,GNB,1860,216909.1479
Guinea-Bissau,GNB,1870,225743.3659
Guinea-Bissau,GNB,1880,242052.5721
Guinea-Bissau,GNB,1890,259540.064
Guinea-Bissau,GNB,1900,278290.9689
Guinea-Bissau,GNB,1910,298396.5643
Guinea-Bissau,GNB,1920,316791.5769
Guinea-Bissau,GNB,1930,367649.558
Guinea-Bissau,GNB,1940,422487.2412
Guinea-Bissau,GNB,1950,505000
Guinea-Bissau,GNB,1960,554000
Guinea-Bissau,GNB,1970,620020
Guinea-Bissau,GNB,1980,789053
Guinea-Bissau,GNB,1990,995991
Guinea-Bissau,GNB,2000,1279000
Guyana,GUY,1800,166034
Guyana,GUY,1820,166034
Guyana,GUY,1840,98000
Guyana,GUY,1850,128000
Guyana,GUY,1860,148000
Guyana,GUY,1870,193000
Guyana,GUY,1880,252000
Guyana,GUY,1890,278000
Guyana,GUY,1900,306000
Guyana,GUY,1910,304000
Guyana,GUY,1920,304000
Guyana,GUY,1930,311000
Guyana,GUY,1940,347000
Guyana,GUY,1950,427971
Guyana,GUY,1960,571083
Guyana,GUY,1970,714811
Guyana,GUY,1980,759352
Guyana,GUY,1990,750903
Guyana,GUY,2000,755171
Haiti,HTI,1650,30000
Haiti,HTI,1700,50000
Haiti,HTI,1750,190000
Haiti,HTI,1800,500000
Haiti,HTI,1820,723000
Haiti,HTI,1850,938000
Haiti,HTI,1870,1150000
Haiti,HTI,1900,1560000
Haiti,HTI,1910,1809000
Haiti,HTI,1920,2124000
Haiti,HTI,1930,2422000
Haiti,HTI,1940,2751000
Haiti,HTI,1950,3097220
Haiti,HTI,1960,3679000
Haiti,HTI,1970,4541000
Haiti,HTI,1980,5200000
Haiti,HTI,1990,6289000
Haiti,HTI,2000,7639000
Honduras,HND,1750,96000
Honduras,HND,1800,130000
Honduras,HND,1820,135000
Honduras,HND,1850,350000
Honduras,HND,1870,404000
Honduras,HND,1880,307000
Honduras,HND,1890,399000
Honduras,HND,1900,500000
Honduras,HND,1910,619000
Honduras,HND,1920,720000
Honduras,HND,1930,950000
Honduras,HND,1940,1150000
Honduras,HND,1950,1431447
Honduras,HND,1960,1951640
Honduras,HND,1970,2760666
Honduras,HND,1980,3401940
Honduras,HND,1990,4792271
Honduras,HND,2000,6347658
Hungary,HUN,1500,1250000
Hungary,HUN,1600,1250000
Hungary,HUN,1650,1250000
Hungary,HUN,1700,1500000
Hungary,HUN,1750,2000000
Hungary,HUN,1800,3250000
Hungary,HUN,1820,4146000
Hungary,HUN,1850,5161000
Hungary,HUN,1870,5917000
Hungary,HUN,1890,6622000
Hungary,HUN,1900,7127000
Hungary,HUN,1910,7644000
Hungary,HUN,1920,7950000
Hungary,HUN,1930,8649000
Hungary,HUN,1940,9287000
Hungary,HUN,1950,9338000
Hungary,HUN,1960,9983512
Hungary,HUN,1970,10337004
Hungary,HUN,1980,10711122
Hungary,HUN,1990,10371878
Hungary,HUN,2000,10137449
Iceland,ISL,1750,46000
Iceland,ISL,1800,61428
Iceland,ISL,1820,61428
Iceland,ISL,1840,57000
Iceland,ISL,1850,59000
Iceland,ISL,1860,67000
Iceland,ISL,1870,70000
Iceland,ISL,1880,72000
Iceland,ISL,1890,71000
Iceland,ISL,1900,78000
Iceland,ISL,1910,88000
Iceland,ISL,1920,98000
Iceland,ISL,1930,109000
Iceland,ISL,1940,121000
Iceland,ISL,1950,142938
Iceland,ISL,1960,175860
Iceland,ISL,1970,204104
Iceland,ISL,1980,228161
Iceland,ISL,1990,254719
Iceland,ISL,2000,281043
India,IND,1500,110000000
India,IND,1600,135000000
India,IND,1700,165000000
India,IND,1820,209000013.3
India,IND,1830,217576583.9
India,IND,1840,226505104.5
India,IND,1850,235800017.9
India,IND,1860,244248661.1
India,IND,1870,253000016.8
India,IND,1880,257200000
India,IND,1890,279626000
India,IND,1900,284500000
India,IND,1910,302100000
India,IND,1920,305600000
India,IND,1930,336400000
India,IND,1940,386800000
India,IND,1950,359000000
India,IND,1960,434000000
India,IND,1970,541000000
India,IND,1980,679000000
India,IND,1990,839000000
India,IND,2000,1004124000
Iran,IRN,1500,4000000
Iran,IRN,1600,5000000
Iran,IRN,1700,5000000
Iran,IRN,1800,6000000
Iran,IRN,1820,6560000
Iran,IRN,1850,7500000
Iran,IRN,1870,8415000
Iran,IRN,1890,9000000
Iran,IRN,1900,10000000
Iran,IRN,1910,10994000
Iran,IRN,1920,9000000
Iran,IRN,1930,12590000
Iran,IRN,1940,15000000
Iran,IRN,1950,16357000
Iran,IRN,1960,21548000
Iran,IRN,1970,28854000
Iran,IRN,1980,39422000
Iran,IRN,1990,56669000
Iran,IRN,2000,63273000
Iraq,IRQ,1500,1000000
Iraq,IRQ,1600,1250000
Iraq,IRQ,1700,1000000
Iraq,IRQ,1800,1000000
Iraq,IRQ,1820,1093000
Iraq,IRQ,1850,1250000
Iraq,IRQ,1860,1290000
Iraq,IRQ,1870,1580000
Iraq,IRQ,1890,1726000
Iraq,IRQ,1900,2250000
Iraq,IRQ,1910,2613000
Iraq,IRQ,1920,3161000
Iraq,IRQ,1930,3605000
Iraq,IRQ,1940,3700000
Iraq,IRQ,1950,5163443
Iraq,IRQ,1960,6822030
Iraq,IRQ,1970,9413671
Iraq,IRQ,1980,13232839
Iraq,IRQ,1990,18134702
Iraq,IRQ,2000,22675617
Ireland,IRL,1500,800000
Ireland,IRL,1600,1000000
Ireland,IRL,1650,1750000
Ireland,IRL,1700,1925000
Ireland,IRL,1750,3000000
Ireland,IRL,1800,5250000
Ireland,IRL,1820,7101000
Ireland,IRL,1830,7827000
Ireland,IRL,1840,8349000
Ireland,IRL,1850,6878000
Ireland,IRL,1860,5821000
Ireland,IRL,1870,5419000
Ireland,IRL,1880,5203000
Ireland,IRL,1890,4718000
Ireland,IRL,1900,4469000
Ireland,IRL,1910,4385000
Ireland,IRL,1920,4361000
Ireland,IRL,1930,2927000
Ireland,IRL,1940,2958000
Ireland,IRL,1950,2963018
Ireland,IRL,1960,2832000
Ireland,IRL,1970,2950100
Ireland,IRL,1980,3401000
Ireland,IRL,1990,3508200
Ireland,IRL,2000,3791690
Israel,ISR,1800,209954
Israel,ISR,1850,209954
Israel,ISR,1860,227862
Israel,ISR,1870,272230
Israel,ISR,1880,282159
Israel,ISR,1890,318717
Israel,ISR,1900,362220
Israel,ISR,1910,415745
Israel,ISR,1920,455836
Israel,ISR,1930,588805
Israel,ISR,1940,889866
Israel,ISR,1950,1286131
Israel,ISR,1960,2141495
Israel,ISR,1970,2903434
Israel,ISR,1980,3737473
Israel,ISR,1990,4478000
Israel,ISR,2000,6115000
Italy,ITA,1500,10500000
Italy,ITA,1600,13100000
Italy,ITA,1650,11000000
Italy,ITA,1700,13300000
Italy,ITA,1750,15000000
Italy,ITA,1800,19000000
Italy,ITA,1820,20176000
Italy,ITA,1830,21513000
Italy,ITA,1840,22939000
Italy,ITA,1850,24460000
Italy,ITA,1860,26081000
Italy,ITA,1870,27888000
Italy,ITA,1880,29534000
Italy,ITA,1890,31702000
Italy,ITA,1900,33672000
Italy,ITA,1910,36572000
Italy,ITA,1920,37398000
Italy,ITA,1930,40791000
Italy,ITA,1940,44341000
Italy,ITA,1950,47105000
Italy,ITA,1960,50197600
Italy,ITA,1970,53661100
Italy,ITA,1980,56451247
Italy,ITA,1990,56742886
Italy,ITA,2000,57719337
Jamaica,JAM,1700,50000
Jamaica,JAM,1750,170000
Jamaica,JAM,1800,300000
Jamaica,JAM,1820,401000
Jamaica,JAM,1840,377000
Jamaica,JAM,1850,399000
Jamaica,JAM,1860,441000
Jamaica,JAM,1870,499000
Jamaica,JAM,1880,581000
Jamaica,JAM,1890,639000
Jamaica,JAM,1900,720000
Jamaica,JAM,1910,808000
Jamaica,JAM,1920,855000
Jamaica,JAM,1930,1009000
Jamaica,JAM,1940,1212000
Jamaica,JAM,1950,1384550
Jamaica,JAM,1960,1631784
Jamaica,JAM,1970,1943787
Jamaica,JAM,1980,2228803
Jamaica,JAM,1990,2347922
Jamaica,JAM,2000,2615467
Japan,JPN,1500,15400000
Japan,JPN,1600,18500000
Japan,JPN,1650,25000000
Japan,JPN,1700,27000000
Japan,JPN,1750,29000000
Japan,JPN,1800,28000000
Japan,JPN,1820,31000000
Japan,JPN,1830,31329811.99
Japan,JPN,1840,31663132.88
Japan,JPN,1850,32000000
Japan,JPN,1860,33196144.35
Japan,JPN,1870,34437000
Japan,JPN,1880,36807000
Japan,JPN,1890,40077000
Japan,JPN,1900,44103000
Japan,JPN,1910,49518000
Japan,JPN,1920,55818000
Japan,JPN,1930,64203000
Japan,JPN,1940,72967000
Japan,JPN,1950,83805000
Japan,JPN,1960,94091638
Japan,JPN,1970,104344973
Japan,JPN,1980,116807309
Japan,JPN,1990,123537399
Japan,JPN,2000,126179000
Jordan,JOR,1500,200000
Jordan,JOR,1600,200000
Jordan,JOR,1700,200000
Jordan,JOR,1800,200000
Jordan,JOR,1820,217000
Jordan,JOR,1850,300000
Jordan,JOR,1870,266000
Jordan,JOR,1900,300000
Jordan,JOR,1910,348000
Jordan,JOR,1920,240000
Jordan,JOR,1930,300000
Jordan,JOR,1940,300000
Jordan,JOR,1950,561254
Jordan,JOR,1960,848515
Jordan,JOR,1970,1502959
Jordan,JOR,1980,2162807
Jordan,JOR,1990,3262054
Jordan,JOR,2000,4998564
Kazakhstan,KAZ,1800,2041282
Kazakhstan,KAZ,1820,2041282
Kazakhstan,KAZ,1950,6693230
Kazakhstan,KAZ,1960,9982014
Kazakhstan,KAZ,1970,13106377
Kazakhstan,KAZ,1980,14966718
Kazakhstan,KAZ,1990,16398131
Kazakhstan,KAZ,2000,15032140
Kenya,KEN,1500,1500000
Kenya,KEN,1700,2000000
Kenya,KEN,1800,2574000
Kenya,KEN,1850,3352898.525
Kenya,KEN,1860,3559591.959
Kenya,KEN,1870,3779027.256
Kenya,KEN,1880,4052049.385
Kenya,KEN,1890,4344796.453
Kenya,KEN,1900,4132379.922
Kenya,KEN,1910,3813440.409
Kenya,KEN,1920,3737854.372
Kenya,KEN,1930,4424171.017
Kenya,KEN,1940,5084069.237
Kenya,KEN,1950,6077000
Kenya,KEN,1960,8115000
Kenya,KEN,1970,11247182
Kenya,KEN,1980,16331401
Kenya,KEN,1990,23354000
Kenya,KEN,2000,30508000
Kiribati,KIR,1800,17876
Kiribati,KIR,1820,17876
Kiribati,KIR,1950,33448
Kiribati,KIR,1960,40732
Kiribati,KIR,1970,48899
Kiribati,KIR,1980,57536
Kiribati,KIR,1990,71341
Kiribati,KIR,2000,91985
Kuwait,KWT,1800,81280
Kuwait,KWT,1820,81280
Kuwait,KWT,1870,81280
Kuwait,KWT,1910,103226
Kuwait,KWT,1950,144774
Kuwait,KWT,1960,292229
Kuwait,KWT,1970,747502
Kuwait,KWT,1980,1369769
Kuwait,KWT,1990,2142011
Kuwait,KWT,2000,1973572
Kyrgyzstan,KGZ,1800,530343
Kyrgyzstan,KGZ,1820,530343
Kyrgyzstan,KGZ,1950,1738961
Kyrgyzstan,KGZ,1960,2171285
Kyrgyzstan,KGZ,1970,2963792
Kyrgyzstan,KGZ,1980,3622728
Kyrgyzstan,KGZ,1990,4382486
Kyrgyzstan,KGZ,2000,4851054
Laos,LAO,1500,400000
Laos,LAO,1800,470000
Laos,LAO,1820,470000
Laos,LAO,1870,755000
Laos,LAO,1900,1500000
Laos,LAO,1910,1387000
Laos,LAO,1930,944000
Laos,LAO,1940,1012000
Laos,LAO,1950,1885984
Laos,LAO,1960,2309365
Laos,LAO,1970,2844851
Laos,LAO,1980,3293159
Laos,LAO,1990,4210452
Laos,LAO,2000,5497733
Latvia,LVA,1800,590588
Latvia,LVA,1820,590588
Latvia,LVA,1910,2552000
Latvia,LVA,1920,1845000
Latvia,LVA,1930,1900000
Latvia,LVA,1940,1951000
Latvia,LVA,1950,1936498
Latvia,LVA,1960,2115183
Latvia,LVA,1970,2361159
Latvia,LVA,1980,2524543
Latvia,LVA,1990,2663590
Latvia,LVA,2000,2376178
Lebanon,LBN,1500,250000
Lebanon,LBN,1600,300000
Lebanon,LBN,1700,300000
Lebanon,LBN,1800,300000
Lebanon,LBN,1820,332000
Lebanon,LBN,1870,476000
Lebanon,LBN,1900,500000
Lebanon,LBN,1910,649000
Lebanon,LBN,1950,1364030
Lebanon,LBN,1960,1786235
Lebanon,LBN,1970,2383029
Lebanon,LBN,1980,3087000
Lebanon,LBN,1990,3150000
Lebanon,LBN,2000,3581000
Lesotho,LSO,1800,276361
Lesotho,LSO,1820,276361
Lesotho,LSO,1850,177880.3597
Lesotho,LSO,1860,196687.1797
Lesotho,LSO,1870,217482.395
Lesotho,LSO,1880,240476.2334
Lesotho,LSO,1890,265901.1496
Lesotho,LSO,1900,294014.1749
Lesotho,LSO,1910,346108.4479
Lesotho,LSO,1920,403670.5411
Lesotho,LSO,1930,496998.9971
Lesotho,LSO,1940,606936.0533
Lesotho,LSO,1950,734000
Lesotho,LSO,1960,849074
Lesotho,LSO,1970,1067136
Lesotho,LSO,1980,1345000
Lesotho,LSO,1990,1721000
Lesotho,LSO,2000,2068000
Liberia,LBR,1800,313543
Liberia,LBR,1820,313540
Liberia,LBR,1850,330073.3076
Liberia,LBR,1860,346953.3001
Liberia,LBR,1870,368341.6506
Liberia,LBR,1880,394953.1077
Liberia,LBR,1890,423487.1539
Liberia,LBR,1900,454082.6899
Liberia,LBR,1910,486888.6515
Liberia,LBR,1920,516903.4838
Liberia,LBR,1930,599887.5956
Liberia,LBR,1940,689365.3203
Liberia,LBR,1950,824000
Liberia,LBR,1960,1052000
Liberia,LBR,1970,1396565
Liberia,LBR,1980,1848979
Liberia,LBR,1990,2116666
Liberia,LBR,2000,2695000
Libya,LBY,1850,267870.1733
Libya,LBY,1860,296191.3783
Libya,LBY,1870,327506.9093
Libya,LBY,1880,362133.3487
Libya,LBY,1890,414694.158
Libya,LBY,1900,479592.3136
Libya,LBY,1910,551331.3428
Libya,LBY,1920,619241.045
Libya,LBY,1930,691836.7884
Libya,LBY,1940,792330.0689
Libya,LBY,1950,1029000
Libya,LBY,1960,1349000
Libya,LBY,1970,1999162
Libya,LBY,1980,3065365
Libya,LBY,1990,4139825
Libya,LBY,2000,5115450
Liechtenstein,LIE,1800,5802
Liechtenstein,LIE,1820,5802
Liechtenstein,LIE,1910,11000
Liechtenstein,LIE,1920,12000
Liechtenstein,LIE,1930,12000
Liechtenstein,LIE,1950,13500
Liechtenstein,LIE,1960,16426
Liechtenstein,LIE,1970,21103
Liechtenstein,LIE,1980,25074
Liechtenstein,LIE,1990,28796
Liechtenstein,LIE,2000,32204
Lithuania,LTU,1800,778655
Lithuania,LTU,1820,778655
Lithuania,LTU,1910,2916000
Lithuania,LTU,1920,2230000
Lithuania,LTU,1930,2422000
Lithuania,LTU,1940,2442000
Lithuania,LTU,1950,2553159
Lithuania,LTU,1960,2764864
Lithuania,LTU,1970,3137562
Lithuania,LTU,1980,3435289
Lithuania,LTU,1990,3694836
Lithuania,LTU,2000,3654387
Luxembourg,LUX,1800,127030
Luxembourg,LUX,1820,127030
Luxembourg,LUX,1830,170000
Luxembourg,LUX,1840,180000
Luxembourg,LUX,1850,193000
Luxembourg,LUX,1860,203000
Luxembourg,LUX,1870,198000
Luxembourg,LUX,1880,210000
Luxembourg,LUX,1890,211000
Luxembourg,LUX,1900,236000
Luxembourg,LUX,1910,260000
Luxembourg,LUX,1920,269000
Luxembourg,LUX,1930,300000
Luxembourg,LUX,1940,301000
Luxembourg,LUX,1950,295587
Luxembourg,LUX,1960,313969
Luxembourg,LUX,1970,339174
Luxembourg,LUX,1980,364400
Luxembourg,LUX,1990,382966
Luxembourg,LUX,2000,438777
Madagascar,MDG,1500,700000
Madagascar,MDG,1600,800000
Madagascar,MDG,1700,1000000
Madagascar,MDG,1800,1500000
Madagascar,MDG,1820,1683000
Madagascar,MDG,1850,2631169.962
Madagascar,MDG,1860,2711179.255
Madagascar,MDG,1870,2793621.491
Madagascar,MDG,1880,2907399.364
Madagascar,MDG,1890,3025811.152
Madagascar,MDG,1900,2820553.255
Madagascar,MDG,1910,2709740.412
Madagascar,MDG,1920,2656030.765
Madagascar,MDG,1930,3082432.135
Madagascar,MDG,1940,3542199.959
Madagascar,MDG,1950,4234000
Madagascar,MDG,1960,5371000
Madagascar,MDG,1970,6765644
Madagascar,MDG,1980,8691000
Madagascar,MDG,1990,11633000
Madagascar,MDG,2000,15742000
Malawi,MWI,1800,737000
Malawi,MWI,1850,2154266.254
Malawi,MWI,1860,2143811.286
Malawi,MWI,1870,2122469.388
Malawi,MWI,1880,2090555.949
Malawi,MWI,1890,2121885.846
Malawi,MWI,1900,2038521.987
Malawi,MWI,1910,1881187.661
Malawi,MWI,1920,1807280.263
Malawi,MWI,1930,2097422.528
Malawi,MWI,1940,2410268.796
Malawi,MWI,1950,2881000
Malawi,MWI,1960,3529000
Malawi,MWI,1970,4508000
Malawi,MWI,1980,6129035
Malawi,MWI,1990,9536000
Malawi,MWI,2000,11560000
Malaysia,MYS,1800,287000
Malaysia,MYS,1820,287000
Malaysia,MYS,1850,530000
Malaysia,MYS,1870,800000
Malaysia,MYS,1890,1585000
Malaysia,MYS,1900,2232000
Malaysia,MYS,1910,2893000
Malaysia,MYS,1920,3545000
Malaysia,MYS,1930,4413000
Malaysia,MYS,1940,5434000
Malaysia,MYS,1950,6433799
Malaysia,MYS,1960,8428493
Malaysia,MYS,1970,10910216
Malaysia,MYS,1980,13764352
Malaysia,MYS,1990,17507000
Malaysia,MYS,2000,21804000
Maldives,MDV,1800,42378
Maldives,MDV,1820,42378
Maldives,MDV,1910,72000
Maldives,MDV,1920,70000
Maldives,MDV,1930,79000
Maldives,MDV,1940,86000
Maldives,MDV,1950,79293
Maldives,MDV,1960,92247
Maldives,MDV,1970,114572
Maldives,MDV,1980,153000
Maldives,MDV,1990,217000
Maldives,MDV,2000,300000
Mali,MLI,1800,1403398
Mali,MLI,1820,1403398
Mali,MLI,1850,1502533.214
Mali,MLI,1860,1532855.782
Mali,MLI,1870,1563790.288
Mali,MLI,1880,1627479.923
Mali,MLI,1890,1693763.492
Mali,MLI,1900,1780382.781
Mali,MLI,1910,1986208.981
Mali,MLI,1920,2150949.739
Mali,MLI,1930,2471779.991
Mali,MLI,1940,2812575.996
Mali,MLI,1950,3329000
Mali,MLI,1960,4015000
Mali,MLI,1970,5546000
Mali,MLI,1980,6758000
Mali,MLI,1990,8085000
Mali,MLI,2000,10049000
Malta,MLT,1800,134072
Malta,MLT,1820,134072
Malta,MLT,1910,229000
Malta,MLT,1920,225000
Malta,MLT,1930,241000
Malta,MLT,1940,270000
Malta,MLT,1950,311973
Malta,MLT,1960,328517
Malta,MLT,1970,325569
Malta,MLT,1980,364001
Malta,MLT,1990,359107
Malta,MLT,2000,389947
Marshall Islands,MHL,1800,5828
Marshall Islands,MHL,1820,5828
Marshall Islands,MHL,1930,73000
Marshall Islands,MHL,1950,10904
Marshall Islands,MHL,1960,15120
Marshall Islands,MHL,1970,21714
Marshall Islands,MHL,1980,30681
Marshall Islands,MHL,1990,45830
Marshall Islands,MHL,2000,53064
Mauritania,MRT,1800,382696
Mauritania,MRT,1820,382696
Mauritania,MRT,1850,288461.2532
Mauritania,MRT,1860,300209.6264
Mauritania,MRT,1870,312436.4842
Mauritania,MRT,1880,328414.5273
Mauritania,MRT,1890,348660.033
Mauritania,MRT,1900,373849.5588
Mauritania,MRT,1910,408891.9258
Mauritania,MRT,1920,434098.5568
Mauritania,MRT,1930,503789.0972
Mauritania,MRT,1940,578933.0117
Mauritania,MRT,1950,692000
Mauritania,MRT,1960,892000
Mauritania,MRT,1970,1289420
Mauritania,MRT,1980,1545000
Mauritania,MRT,1990,1925000
Mauritania,MRT,2000,2501000
Mauritius,MUS,1750,29500
Mauritius,MUS,1800,59000
Mauritius,MUS,1810,78000
Mauritius,MUS,1820,88000
Mauritius,MUS,1830,93000
Mauritius,MUS,1840,115000
Mauritius,MUS,1850,181000
Mauritius,MUS,1860,320000
Mauritius,MUS,1870,330000
Mauritius,MUS,1880,360000
Mauritius,MUS,1890,371000
Mauritius,MUS,1900,371000
Mauritius,MUS,1910,369000
Mauritius,MUS,1920,376000
Mauritius,MUS,1930,393000
Mauritius,MUS,1940,419000
Mauritius,MUS,1950,481270
Mauritius,MUS,1960,663229
Mauritius,MUS,1970,829511
Mauritius,MUS,1980,963701
Mauritius,MUS,1990,1062000
Mauritius,MUS,2000,1186000
Mexico,MEX,1500,7000000
Mexico,MEX,1550,6587000
Mexico,MEX,1600,2979000
Mexico,MEX,1650,2249000
Mexico,MEX,1700,2825000
Mexico,MEX,1750,3777000
Mexico,MEX,1800,5100000
Mexico,MEX,1820,6587000
Mexico,MEX,1830,6382000
Mexico,MEX,1840,7044000
Mexico,MEX,1850,7662000
Mexico,MEX,1860,8816000
Mexico,MEX,1870,9219000
Mexico,MEX,1880,10399000
Mexico,MEX,1890,11729000
Mexico,MEX,1900,13607000
Mexico,MEX,1910,15000000
Mexico,MEX,1920,14900000
Mexico,MEX,1930,17175000
Mexico,MEX,1940,20393000
Mexico,MEX,1950,28485180
Mexico,MEX,1960,38578505
Mexico,MEX,1970,52775158
Mexico,MEX,1980,68347479
Mexico,MEX,1990,84913652
Mexico,MEX,2000,99926620
Micronesia (country),FSM,1800,16416
Micronesia (country),FSM,1820,16416
Micronesia (country),FSM,1950,30715
Micronesia (country),FSM,1960,41777
Micronesia (country),FSM,1970,56822
Micronesia (country),FSM,1980,77080
Micronesia (country),FSM,1990,108600
Micronesia (country),FSM,2000,107754
Moldova,MDA,1800,712558
Moldova,MDA,1820,712558
Moldova,MDA,1950,2336432
Moldova,MDA,1960,2998981
Moldova,MDA,1970,3594517
Moldova,MDA,1980,3996278
Moldova,MDA,1990,4397798
Moldova,MDA,2000,4430654
Monaco,MCO,1800,7789
Monaco,MCO,1820,7789
Monaco,MCO,1910,23000
Monaco,MCO,1920,22000
Monaco,MCO,1930,25000
Monaco,MCO,1940,24000
Monaco,MCO,1950,18125
Monaco,MCO,1960,20757
Monaco,MCO,1970,23752
Monaco,MCO,1980,26551
Monaco,MCO,1990,29972
Monaco,MCO,2000,31693
Mongolia,MNG,1500,600000
Mongolia,MNG,1800,600000
Mongolia,MNG,1820,619000
Mongolia,MNG,1870,668000
Mongolia,MNG,1900,700000
Mongolia,MNG,1910,725000
Mongolia,MNG,1950,778555
Mongolia,MNG,1960,954652
Mongolia,MNG,1970,1247600
Mongolia,MNG,1980,1662380
Mongolia,MNG,1990,2218000
Mongolia,MNG,2000,2664000
Montenegro,MNE,1800,126582
Montenegro,MNE,1820,126582
Montenegro,MNE,1910,516000
Montenegro,MNE,1950,395587
Montenegro,MNE,1960,461487
Montenegro,MNE,1970,514472
Montenegro,MNE,1980,560000
Montenegro,MNE,1990,583202
Montenegro,MNE,2000,732302
Morocco,MAR,1500,1500000
Morocco,MAR,1600,2250000
Morocco,MAR,1700,1750000
Morocco,MAR,1800,2500000
Morocco,MAR,1820,2689000
Morocco,MAR,1850,2847216.02
Morocco,MAR,1860,3148244.639
Morocco,MAR,1870,3481100.219
Morocco,MAR,1880,3849147.739
Morocco,MAR,1890,4256107.949
Morocco,MAR,1900,4689745.641
Morocco,MAR,1910,5512131.635
Morocco,MAR,1920,5797281.042
Morocco,MAR,1930,6472490.191
Morocco,MAR,1940,7712782.503
Morocco,MAR,1950,8953000
Morocco,MAR,1960,11626000
Morocco,MAR,1970,15909275
Morocco,MAR,1980,19487272
Morocco,MAR,1990,24735000
Morocco,MAR,2000,30184000
Mozambique,MOZ,1500,1000000
Mozambique,MOZ,1600,1250000
Mozambique,MOZ,1700,1500000
Mozambique,MOZ,1800,2000000
Mozambique,MOZ,1820,2096000
Mozambique,MOZ,1850,4752371.776
Mozambique,MOZ,1860,4752371.776
Mozambique,MOZ,1870,4705061.346
Mozambique,MOZ,1880,4611802.529
Mozambique,MOZ,1890,4658128.394
Mozambique,MOZ,1900,4475121.821
Mozambique,MOZ,1910,4129729.288
Mozambique,MOZ,1920,3967482.026
Mozambique,MOZ,1930,4604424.863
Mozambique,MOZ,1940,5291209.294
Mozambique,MOZ,1950,6324595
Mozambique,MOZ,1960,7528595
Mozambique,MOZ,1970,9304375
Mozambique,MOZ,1980,12102619
Mozambique,MOZ,1990,12667000
Mozambique,MOZ,2000,18125000
Myanmar,MMR,1500,4000000
Myanmar,MMR,1600,4500000
Myanmar,MMR,1700,5000000
Myanmar,MMR,1800,6000000
Myanmar,MMR,1820,3506000
Myanmar,MMR,1850,3932000
Myanmar,MMR,1870,4245000
Myanmar,MMR,1880,3737000
Myanmar,MMR,1890,7489000
Myanmar,MMR,1900,10174000
Myanmar,MMR,1910,11942000
Myanmar,MMR,1920,13096000
Myanmar,MMR,1930,14515000
Myanmar,MMR,1940,16594000
Myanmar,MMR,1950,19487657
Myanmar,MMR,1960,22839000
Myanmar,MMR,1970,27393000
Myanmar,MMR,1980,33373316
Myanmar,MMR,1990,39243000
Myanmar,MMR,2000,44301000
Namibia,NAM,1800,229000
Namibia,NAM,1850,117536.7499
Namibia,NAM,1860,129963.5996
Namibia,NAM,1870,143704.3073
Namibia,NAM,1880,158897.7837
Namibia,NAM,1890,175697.6261
Namibia,NAM,1900,194273.6715
Namibia,NAM,1910,228695.6365
Namibia,NAM,1920,266730.5347
Namibia,NAM,1930,328398.4555
Namibia,NAM,1940,401040.8526
Namibia,NAM,1950,485000
Namibia,NAM,1960,599000
Namibia,NAM,1970,764683
Namibia,NAM,1980,1058021
Namibia,NAM,1990,1471314
Namibia,NAM,2000,1893000
Nauru,NRU,1800,1834
Nauru,NRU,1820,1834
Nauru,NRU,1920,2000
Nauru,NRU,1930,3000
Nauru,NRU,1940,3000
Nauru,NRU,1950,3432
Nauru,NRU,1960,4475
Nauru,NRU,1970,6700
Nauru,NRU,1980,7710
Nauru,NRU,1990,9488
Nauru,NRU,2000,11845
Nepal,NPL,1500,2000000
Nepal,NPL,1600,2500000
Nepal,NPL,1700,3000000
Nepal,NPL,1750,3500000
Nepal,NPL,1800,4000000
Nepal,NPL,1820,3881000
Nepal,NPL,1850,4352000
Nepal,NPL,1870,4698000
Nepal,NPL,1890,5192000
Nepal,NPL,1900,5283000
Nepal,NPL,1910,5639000
Nepal,NPL,1930,5600000
Nepal,NPL,1940,5600000
Nepal,NPL,1950,8989915
Nepal,NPL,1960,10034723
Nepal,NPL,1970,11918678
Nepal,NPL,1980,14665000
Nepal,NPL,1990,18918000
Nepal,NPL,2000,24818000
Netherlands,NLD,1500,950000
Netherlands,NLD,1600,1500000
Netherlands,NLD,1650,2000000
Netherlands,NLD,1700,1900000
Netherlands,NLD,1750,2000000
Netherlands,NLD,1800,2000000
Netherlands,NLD,1810,2047000
Netherlands,NLD,1820,2333000
Netherlands,NLD,1830,2633000
Netherlands,NLD,1840,2886000
Netherlands,NLD,1850,3098000
Netherlands,NLD,1860,3318000
Netherlands,NLD,1870,3610000
Netherlands,NLD,1880,4043000
Netherlands,NLD,1890,4535000
Netherlands,NLD,1900,5142000
Netherlands,NLD,1910,5922000
Netherlands,NLD,1920,6848000
Netherlands,NLD,1930,7884000
Netherlands,NLD,1940,8879000
Netherlands,NLD,1950,10113527
Netherlands,NLD,1960,11486000
Netherlands,NLD,1970,13032335
Netherlands,NLD,1980,14143901
Netherlands,NLD,1990,14951510
Netherlands,NLD,2000,15907853
New Zealand,NZL,1500,100000
New Zealand,NZL,1600,100000
New Zealand,NZL,1700,100000
New Zealand,NZL,1800,200000
New Zealand,NZL,1820,100000
New Zealand,NZL,1830,100000
New Zealand,NZL,1840,70000
New Zealand,NZL,1850,90000
New Zealand,NZL,1860,132000
New Zealand,NZL,1870,291000
New Zealand,NZL,1880,520000
New Zealand,NZL,1890,665000
New Zealand,NZL,1900,807000
New Zealand,NZL,1910,1045000
New Zealand,NZL,1920,1241000
New Zealand,NZL,1930,1493000
New Zealand,NZL,1940,1636000
New Zealand,NZL,1950,1908310
New Zealand,NZL,1960,2371746
New Zealand,NZL,1970,2828050
New Zealand,NZL,1980,3170150
New Zealand,NZL,1990,3414000
New Zealand,NZL,2000,3802000
Nicaragua,NIC,1500,12000
Nicaragua,NIC,1550,36000
Nicaragua,NIC,1600,50000
Nicaragua,NIC,1650,69000
Nicaragua,NIC,1700,93000
Nicaragua,NIC,1750,114000
Nicaragua,NIC,1800,186000
Nicaragua,NIC,1820,186000
Nicaragua,NIC,1850,300000
Nicaragua,NIC,1870,337000
Nicaragua,NIC,1900,478000
Nicaragua,NIC,1910,553000
Nicaragua,NIC,1920,640000
Nicaragua,NIC,1930,680000
Nicaragua,NIC,1940,830000
Nicaragua,NIC,1950,1097916
Nicaragua,NIC,1960,1492698
Nicaragua,NIC,1970,2052544
Nicaragua,NIC,1980,2805321
Nicaragua,NIC,1990,3685000
Nicaragua,NIC,2000,4935000
Niger,NER,1850,996553.754
Niger,NER,1860,1016665.169
Niger,NER,1870,1047580.185
Niger,NER,1880,1090245.752
Niger,NER,1890,1134648.991
Niger,NER,1900,1180860.673
Niger,NER,1910,1317377.42
Niger,NER,1920,1426643.744
Niger,NER,1930,1639438.336
Niger,NER,1940,1865475.458
Niger,NER,1950,2208000
Niger,NER,1960,3053000
Niger,NER,1970,4840501
Niger,NER,1980,6093000
Niger,NER,1990,7842000
Niger,NER,2000,10951000
Nigeria,NGA,1800,12100855
Nigeria,NGA,1820,12100855
Nigeria,NGA,1850,13539370.93
Nigeria,NGA,1860,14067455.03
Nigeria,NGA,1870,14678416.67
Nigeria,NGA,1880,15475395.68
Nigeria,NGA,1890,16484866.39
Nigeria,NGA,1900,17429161.72
Nigeria,NGA,1910,19083332.08
Nigeria,NGA,1920,20911381.7
Nigeria,NGA,1930,24494375.17
Nigeria,NGA,1940,28411221.21
Nigeria,NGA,1950,33960000
Nigeria,NGA,1960,42356000
Nigeria,NGA,1970,55586000
Nigeria,NGA,1980,74821000
Nigeria,NGA,1990,96604000
Nigeria,NGA,2000,123179000
North Korea,PRK,1800,4345000
North Korea,PRK,1820,4345000
North Korea,PRK,1870,4511000
North Korea,PRK,1910,4897000
North Korea,PRK,1950,9471140
North Korea,PRK,1960,10391909
North Korea,PRK,1970,13911902
North Korea,PRK,1980,17113626
North Korea,PRK,1990,20018546
North Korea,PRK,2000,21263000
North Macedonia,MKD,1800,391865
North Macedonia,MKD,1820,391865
North Macedonia,MKD,1950,1224627
North Macedonia,MKD,1960,1366198
North Macedonia,MKD,1970,1574407
North Macedonia,MKD,1980,1792000
North Macedonia,MKD,1990,1861361
North Macedonia,MKD,2000,2014512
Norway,NOR,1500,300000
Norway,NOR,1600,400000
Norway,NOR,1700,500000
Norway,NOR,1750,724000
Norway,NOR,1800,900000
Norway,NOR,1810,885000
Norway,NOR,1820,970000
Norway,NOR,1830,1124000
Norway,NOR,1840,1241000
Norway,NOR,1850,1392000
Norway,NOR,1860,1596000
Norway,NOR,1870,1735000
Norway,NOR,1880,1919000
Norway,NOR,1890,1997000
Norway,NOR,1900,2230000
Norway,NOR,1910,2384000
Norway,NOR,1920,2635000
Norway,NOR,1930,2807000
Norway,NOR,1940,2973000
Norway,NOR,1950,3265126
Norway,NOR,1960,3581239
Norway,NOR,1970,3877386
Norway,NOR,1980,4085620
Norway,NOR,1990,4242006
Norway,NOR,2000,4492400
Oman,OMN,1500,200000
Oman,OMN,1800,300000
Oman,OMN,1820,318000
Oman,OMN,1870,367000
Oman,OMN,1900,400000
Oman,OMN,1910,444000
Oman,OMN,1950,488588
Oman,OMN,1960,599292
Oman,OMN,1970,778536
Oman,OMN,1980,1174857
Oman,OMN,1990,1772974
Oman,OMN,2000,2534000
Pakistan,PAK,1600,8817631
Pakistan,PAK,1700,10777105
Pakistan,PAK,1820,13651000
Pakistan,PAK,1870,16090000
Pakistan,PAK,1910,20008000
Pakistan,PAK,1920,22812000
Pakistan,PAK,1950,39448232
Pakistan,PAK,1960,50386898
Pakistan,PAK,1970,65705964
Pakistan,PAK,1980,85219117
Pakistan,PAK,1990,114607000
Pakistan,PAK,2000,146405000
Palau,PLW,1800,3875
Palau,PLW,1820,3875
Palau,PLW,1950,7251
Palau,PLW,1960,9482
Palau,PLW,1970,12005
Palau,PLW,1980,13311
Palau,PLW,1990,15207
Palau,PLW,2000,18766
Panama,PAN,1500,29600
Panama,PAN,1550,12400
Panama,PAN,1600,20000
Panama,PAN,1650,22300
Panama,PAN,1700,34200
Panama,PAN,1750,42200
Panama,PAN,1800,75600
Panama,PAN,1850,108600
Panama,PAN,1870,176000
Panama,PAN,1900,263000
Panama,PAN,1910,326000
Panama,PAN,1920,487000
Panama,PAN,1930,515000
Panama,PAN,1940,697000
Panama,PAN,1950,892502
Panama,PAN,1960,1147610
Panama,PAN,1970,1531038
Panama,PAN,1980,1960000
Panama,PAN,1990,2393000
Panama,PAN,2000,2900000
Papua New Guinea,PNG,1800,754894
Papua New Guinea,PNG,1820,754894
Papua New Guinea,PNG,1910,781000
Papua New Guinea,PNG,1920,483000
Papua New Guinea,PNG,1930,520000
Papua New Guinea,PNG,1950,1412466
Papua New Guinea,PNG,1960,1746986
Papua New Guinea,PNG,1970,2288056
Papua New Guinea,PNG,1980,2991217
Papua New Guinea,PNG,1990,3824787
Papua New Guinea,PNG,2000,4934000
Paraguay,PRY,1500,200000
Paraguay,PRY,1550,200000
Paraguay,PRY,1600,200000
Paraguay,PRY,1650,200000
Paraguay,PRY,1700,200000
Paraguay,PRY,1750,200000
Paraguay,PRY,1800,300000
Paraguay,PRY,1820,143000
Paraguay,PRY,1850,350000
Paraguay,PRY,1870,384000
Paraguay,PRY,1880,264000
Paraguay,PRY,1890,644000
Paraguay,PRY,1900,440000
Paraguay,PRY,1910,554000
Paraguay,PRY,1920,699000
Paraguay,PRY,1930,880000
Paraguay,PRY,1940,1111000
Paraguay,PRY,1950,1475669
Paraguay,PRY,1960,1909538
Paraguay,PRY,1970,2476785
Paraguay,PRY,1980,3196000
Paraguay,PRY,1990,4244000
Paraguay,PRY,2000,5592000
Peru,PER,1500,2500000
Peru,PER,1550,1291000
Peru,PER,1600,920000
Peru,PER,1650,914000
Peru,PER,1700,654000
Peru,PER,1750,773000
Peru,PER,1800,1271000
Peru,PER,1820,1317000
Peru,PER,1830,1374000
Peru,PER,1850,3375000
Peru,PER,1860,2488000
Peru,PER,1870,2606000
Peru,PER,1890,3346000
Peru,PER,1900,3648000
Peru,PER,1910,4137000
Peru,PER,1920,4690000
Peru,PER,1930,5480000
Peru,PER,1940,6440000
Peru,PER,1950,7632500
Peru,PER,1960,9931000
Peru,PER,1970,13192800
Peru,PER,1980,17295298
Peru,PER,1990,21600000
Peru,PER,2000,26087000
Philippines,PHL,1500,500000
Philippines,PHL,1600,800000
Philippines,PHL,1700,1250000
Philippines,PHL,1800,2500000
Philippines,PHL,1810,1933000
Philippines,PHL,1820,2176000
Philippines,PHL,1840,3096000
Philippines,PHL,1850,3612000
Philippines,PHL,1870,5063000
Philippines,PHL,1880,5985000
Philippines,PHL,1890,6476000
Philippines,PHL,1900,7324000
Philippines,PHL,1910,8861000
Philippines,PHL,1920,10725000
Philippines,PHL,1930,13194000
Philippines,PHL,1940,16585000
Philippines,PHL,1950,21131264
Philippines,PHL,1960,28528939
Philippines,PHL,1970,38603696
Philippines,PHL,1980,50940182
Philippines,PHL,1990,65088000
Philippines,PHL,2000,81222000
Poland,POL,1500,4000000
Poland,POL,1600,5000000
Poland,POL,1650,5500000
Poland,POL,1700,6000000
Poland,POL,1750,7000000
Poland,POL,1800,9000000
Poland,POL,1820,10426000
Poland,POL,1850,13000000
Poland,POL,1870,16865000
Poland,POL,1890,22854000
Poland,POL,1900,24750000
Poland,POL,1910,26644000
Poland,POL,1920,23968000
Poland,POL,1930,28204000
Poland,POL,1940,30021000
Poland,POL,1950,24824000
Poland,POL,1960,29589842
Poland,POL,1970,32526000
Poland,POL,1980,35578016
Poland,POL,1990,38119408
Poland,POL,2000,38654164
Portugal,PRT,1500,1000000
Portugal,PRT,1600,1100000
Portugal,PRT,1650,1750000
Portugal,PRT,1700,2000000
Portugal,PRT,1750,2250000
Portugal,PRT,1800,2750000
Portugal,PRT,1820,3297000
Portugal,PRT,1830,3491000
Portugal,PRT,1840,3704000
Portugal,PRT,1850,3816000
Portugal,PRT,1860,4000000
Portugal,PRT,1870,4327000
Portugal,PRT,1880,4610000
Portugal,PRT,1890,5028000
Portugal,PRT,1900,5404000
Portugal,PRT,1910,5884000
Portugal,PRT,1920,6029000
Portugal,PRT,1930,6784000
Portugal,PRT,1940,7675000
Portugal,PRT,1950,8442750
Portugal,PRT,1960,9036700
Portugal,PRT,1970,9044200
Portugal,PRT,1980,9777800
Portugal,PRT,1990,9922689
Portugal,PRT,2000,10335597
Qatar,QAT,1800,14092
Qatar,QAT,1820,14092
Qatar,QAT,1870,14092
Qatar,QAT,1910,17897
Qatar,QAT,1950,25101
Qatar,QAT,1960,46000
Qatar,QAT,1970,115000
Qatar,QAT,1980,237000
Qatar,QAT,1990,446000
Qatar,QAT,2000,627000
Romania,ROU,1500,2000000
Romania,ROU,1600,2000000
Romania,ROU,1650,2250000
Romania,ROU,1700,2500000
Romania,ROU,1750,3500000
Romania,ROU,1800,5500000
Romania,ROU,1820,6389000
Romania,ROU,1850,8000000
Romania,ROU,1870,9179000
Romania,ROU,1890,10373000
Romania,ROU,1900,11000000
Romania,ROU,1910,11866000
Romania,ROU,1920,12340000
Romania,ROU,1930,14141000
Romania,ROU,1940,15907000
Romania,ROU,1950,16311000
Romania,ROU,1960,18403414
Romania,ROU,1970,20252541
Romania,ROU,1980,22130036
Romania,ROU,1990,22865945
Romania,ROU,2000,22451921
Russia,RUS,1950,101936816
Russia,RUS,1960,119631633
Russia,RUS,1970,130245476
Russia,RUS,1980,139038849
Russia,RUS,1990,147973000
Russia,RUS,2000,146710000
Rwanda,RWA,1800,928368
Rwanda,RWA,1820,928368
Rwanda,RWA,1850,1514971.751
Rwanda,RWA,1860,1530189.825
Rwanda,RWA,1870,1545560.765
Rwanda,RWA,1880,1561086.109
Rwanda,RWA,1890,1624665.609
Rwanda,RWA,1900,1529775.958
Rwanda,RWA,1910,1411706.95
Rwanda,RWA,1920,1356244.335
Rwanda,RWA,1930,1573976.919
Rwanda,RWA,1940,1808747.357
Rwanda,RWA,1950,2162000
Rwanda,RWA,1960,2887000
Rwanda,RWA,1970,3769171
Rwanda,RWA,1980,5138000
Rwanda,RWA,1990,6982000
Rwanda,RWA,2000,8278000
Saint Kitts and Nevis,KNA,1810,17202
Saint Kitts and Nevis,KNA,1820,17202
Saint Kitts and Nevis,KNA,1860,34000
Saint Kitts and Nevis,KNA,1870,40000
Saint Kitts and Nevis,KNA,1880,44000
Saint Kitts and Nevis,KNA,1890,48000
Saint Kitts and Nevis,KNA,1900,46000
Saint Kitts and Nevis,KNA,1910,43000
Saint Kitts and Nevis,KNA,1920,37000
Saint Kitts and Nevis,KNA,1930,36000
Saint Kitts and Nevis,KNA,1940,38000
Saint Kitts and Nevis,KNA,1950,44341
Saint Kitts and Nevis,KNA,1960,51112
Saint Kitts and Nevis,KNA,1970,46116
Saint Kitts and Nevis,KNA,1980,44186
Saint Kitts and Nevis,KNA,1990,42000
Saint Kitts and Nevis,KNA,2000,38819
Saint Lucia,LCA,1810,24000
Saint Lucia,LCA,1850,24000
Saint Lucia,LCA,1860,27000
Saint Lucia,LCA,1870,32000
Saint Lucia,LCA,1880,39000
Saint Lucia,LCA,1890,42000
Saint Lucia,LCA,1900,50000
Saint Lucia,LCA,1910,49000
Saint Lucia,LCA,1920,52000
Saint Lucia,LCA,1930,60000
Saint Lucia,LCA,1940,70000
Saint Lucia,LCA,1950,79050
Saint Lucia,LCA,1960,87687
Saint Lucia,LCA,1970,102704
Saint Lucia,LCA,1980,122477
Saint Lucia,LCA,1990,138000
Saint Lucia,LCA,2000,153000
Saint Vincent and the Grenadines,VCT,1810,25781
Saint Vincent and the Grenadines,VCT,1820,25781
Saint Vincent and the Grenadines,VCT,1850,30000
Saint Vincent and the Grenadines,VCT,1860,32000
Saint Vincent and the Grenadines,VCT,1870,36000
Saint Vincent and the Grenadines,VCT,1880,41000
Saint Vincent and the Grenadines,VCT,1890,41000
Saint Vincent and the Grenadines,VCT,1900,48000
Saint Vincent and the Grenadines,VCT,1910,42000
Saint Vincent and the Grenadines,VCT,1920,44000
Saint Vincent and the Grenadines,VCT,1930,48000
Saint Vincent and the Grenadines,VCT,1940,62000
Saint Vincent and the Grenadines,VCT,1950,66452
Saint Vincent and the Grenadines,VCT,1960,81021
Saint Vincent and the Grenadines,VCT,1970,87510
Saint Vincent and the Grenadines,VCT,1980,98139
Saint Vincent and the Grenadines,VCT,1990,106524
Saint Vincent and the Grenadines,VCT,2000,108000
Samoa,WSM,1700,43000
Samoa,WSM,1800,47300
Samoa,WSM,1850,46899
Samoa,WSM,1900,33000
Samoa,WSM,1910,38000
Samoa,WSM,1920,36000
Samoa,WSM,1930,56000
Samoa,WSM,1940,68000
Samoa,WSM,1950,81858
Samoa,WSM,1960,110043
Samoa,WSM,1970,142331
Samoa,WSM,1980,155177
Samoa,WSM,1990,172000
Samoa,WSM,2000,197000
San Marino,SMR,1800,5492
San Marino,SMR,1820,5492
San Marino,SMR,1910,11000
San Marino,SMR,1920,13000
San Marino,SMR,1930,13000
San Marino,SMR,1940,15000
San Marino,SMR,1950,12780
San Marino,SMR,1960,15406
San Marino,SMR,1970,19189
San Marino,SMR,1980,21463
San Marino,SMR,1990,23469
San Marino,SMR,2000,26937
Sao Tome and Principe,STP,1800,22731
Sao Tome and Principe,STP,1820,22731
Sao Tome and Principe,STP,1900,40000
Sao Tome and Principe,STP,1910,59000
Sao Tome and Principe,STP,1920,56000
Sao Tome and Principe,STP,1930,60000
Sao Tome and Principe,STP,1940,61000
Sao Tome and Principe,STP,1950,59730
Sao Tome and Principe,STP,1960,63403
Sao Tome and Principe,STP,1970,73631
Sao Tome and Principe,STP,1980,94071
Sao Tome and Principe,STP,1990,119453
Sao Tome and Principe,STP,2000,159883
Saudi Arabia,SAU,1500,2000000
Saudi Arabia,SAU,1600,2250000
Saudi Arabia,SAU,1700,2000000
Saudi Arabia,SAU,1800,2000000
Saudi Arabia,SAU,1820,2091000
Saudi Arabia,SAU,1870,2338000
Saudi Arabia,SAU,1900,2500000
Saudi Arabia,SAU,1910,2676000
Saudi Arabia,SAU,1950,3859801
Saudi Arabia,SAU,1960,4718301
Saudi Arabia,SAU,1970,6109051
Saudi Arabia,SAU,1980,9999161
Saudi Arabia,SAU,1990,16060761
Saudi Arabia,SAU,2000,23147000
Senegal,SEN,1800,1009886
Senegal,SEN,1820,1009886
Senegal,SEN,1850,931646.2557
Senegal,SEN,1860,989078.7016
Senegal,SEN,1870,1071115.172
Senegal,SEN,1880,1194944.479
Senegal,SEN,1890,1306951.253
Senegal,SEN,1900,1401374.127
Senegal,SEN,1910,1502618.739
Senegal,SEN,1920,1595249.465
Senegal,SEN,1930,1851352.13
Senegal,SEN,1940,2127495.157
Senegal,SEN,1950,2543000
Senegal,SEN,1960,3277000
Senegal,SEN,1970,4317891
Senegal,SEN,1980,5787000
Senegal,SEN,1990,8001000
Senegal,SEN,2000,10678000
Serbia,SRB,1800,2147197
Serbia,SRB,1820,2147197
Serbia,SRB,1880,1902000
Serbia,SRB,1890,2162000
Serbia,SRB,1900,2494000
Serbia,SRB,1910,2912000
Serbia,SRB,1950,6710261
Serbia,SRB,1960,7470936
Serbia,SRB,1970,8166726
Serbia,SRB,1980,8955000
Serbia,SRB,1990,9347973
Serbia,SRB,2000,10117908
Seychelles,SYC,1800,12522
Seychelles,SYC,1820,12522
Seychelles,SYC,1890,16000
Seychelles,SYC,1900,19000
Seychelles,SYC,1910,23000
Seychelles,SYC,1920,25000
Seychelles,SYC,1930,27000
Seychelles,SYC,1940,32000
Seychelles,SYC,1950,32903
Seychelles,SYC,1960,41662
Seychelles,SYC,1970,54106
Seychelles,SYC,1980,66489
Seychelles,SYC,1990,73439
Seychelles,SYC,2000,79326
Sierra Leone,SLE,1800,794264
Sierra Leone,SLE,1820,794264
Sierra Leone,SLE,1850,778716.6382
Sierra Leone,SLE,1860,818540.3099
Sierra Leone,SLE,1870,869000.2047
Sierra Leone,SLE,1880,931782.5744
Sierra Leone,SLE,1890,999100.7612
Sierra Leone,SLE,1900,1071282.463
Sierra Leone,SLE,1910,1148679.052
Sierra Leone,SLE,1920,1219490.743
Sierra Leone,SLE,1930,1415268.793
Sierra Leone,SLE,1940,1626366.727
Sierra Leone,SLE,1950,1944000
Sierra Leone,SLE,1960,2256000
Sierra Leone,SLE,1970,2789306
Sierra Leone,SLE,1980,3335000
Sierra Leone,SLE,1990,4226000
Sierra Leone,SLE,2000,4816000
Singapore,SGP,1800,30000
Singapore,SGP,1820,30000
Singapore,SGP,1850,56000
Singapore,SGP,1870,84000
Singapore,SGP,1890,157000
Singapore,SGP,1900,215000
Singapore,SGP,1910,323000
Singapore,SGP,1920,391000
Singapore,SGP,1930,596000
Singapore,SGP,1940,751000
Singapore,SGP,1950,1022100
Singapore,SGP,1960,1646400
Singapore,SGP,1970,2074507
Singapore,SGP,1980,2413900
Singapore,SGP,1990,3047100
Singapore,SGP,2000,4036753
Slovakia,SVK,1800,2140651
Slovakia,SVK,1820,2140651
Slovakia,SVK,1950,3463446
Slovakia,SVK,1960,3994270
Slovakia,SVK,1970,4523873
Slovakia,SVK,1980,4965958
Slovakia,SVK,1990,5262616
Slovakia,SVK,2000,5400320
Slovenia,SVN,1800,469664
Slovenia,SVN,1820,469664
Slovenia,SVN,1950,1467759
Slovenia,SVN,1960,1557756
Slovenia,SVN,1970,1675739
Slovenia,SVN,1980,1833000
Slovenia,SVN,1990,1991210
Slovenia,SVN,2000,2010557
Solomon Islands,SLB,1800,56998
Solomon Islands,SLB,1820,56998
Solomon Islands,SLB,1910,150000
Solomon Islands,SLB,1920,151000
Solomon Islands,SLB,1930,94000
Solomon Islands,SLB,1940,95000
Solomon Islands,SLB,1950,106647
Solomon Islands,SLB,1960,126363
Solomon Islands,SLB,1970,163000
Solomon Islands,SLB,1980,233000
Solomon Islands,SLB,1990,334524
Solomon Islands,SLB,2000,466194
Somalia,SOM,1500,800000
Somalia,SOM,1600,800000
Somalia,SOM,1700,950000
Somalia,SOM,1820,1000000
Somalia,SOM,1850,1475772.848
Somalia,SOM,1860,1475772.848
Somalia,SOM,1870,1475772.848
Somalia,SOM,1880,1490597.164
Somalia,SOM,1890,1505570.392
Somalia,SOM,1900,1551352.163
Somalia,SOM,1910,1598526.079
Somalia,SOM,1920,1630785.875
Somalia,SOM,1930,1801402.159
Somalia,SOM,1940,1950814.613
Somalia,SOM,1950,2264000
Somalia,SOM,1960,2819000
Somalia,SOM,1970,3666949
Somalia,SOM,1980,5794000
Somalia,SOM,1990,6692000
Somalia,SOM,2000,7386000
South Africa,ZAF,1500,600000
South Africa,ZAF,1600,700000
South Africa,ZAF,1700,1000000
South Africa,ZAF,1820,1550000
South Africa,ZAF,1850,3007536.193
South Africa,ZAF,1860,3325515.041
South Africa,ZAF,1870,3677112.951
South Africa,ZAF,1880,4065884.379
South Africa,ZAF,1890,4495759.581
South Africa,ZAF,1900,4971084.352
South Africa,ZAF,1910,5851875.303
South Africa,ZAF,1920,6825114.166
South Africa,ZAF,1930,8403075.987
South Africa,ZAF,1940,10261853.25
South Africa,ZAF,1950,12410204.08
South Africa,ZAF,1960,16003000
South Africa,ZAF,1970,22739921
South Africa,ZAF,1980,29251588
South Africa,ZAF,1990,38476000
South Africa,ZAF,2000,45064000
South Korea,KOR,1800,9395000
South Korea,KOR,1820,9395000
South Korea,KOR,1850,9545000
South Korea,KOR,1870,9753000
South Korea,KOR,1890,9848000
South Korea,KOR,1900,9896000
South Korea,KOR,1910,10096000
South Korea,KOR,1920,11804000
South Korea,KOR,1930,13900000
South Korea,KOR,1940,15627000
South Korea,KOR,1950,20845771
South Korea,KOR,1960,24784140
South Korea,KOR,1970,32241000
South Korea,KOR,1980,38124000
South Korea,KOR,1990,42869000
South Korea,KOR,2000,46839000
Spain,ESP,1500,6800000
Spain,ESP,1600,8240000
Spain,ESP,1650,7500000
Spain,ESP,1700,8770000
Spain,ESP,1750,9500000
Spain,ESP,1800,11500000
Spain,ESP,1820,12203000
Spain,ESP,1830,13041000
Spain,ESP,1840,13937000
Spain,ESP,1850,14894000
Spain,ESP,1860,15642000
Spain,ESP,1870,16201000
Spain,ESP,1880,16859000
Spain,ESP,1890,17757000
Spain,ESP,1900,18566000
Spain,ESP,1910,19858000
Spain,ESP,1920,21232000
Spain,ESP,1930,23445000
Spain,ESP,1940,25757000
Spain,ESP,1950,28062963
Spain,ESP,1960,30641187
Spain,ESP,1970,33876479
Spain,ESP,1980,37488360
Spain,ESP,1990,39350769
Spain,ESP,2000,40016081
Sri Lanka,LKA,1500,1000000
Sri Lanka,LKA,1600,1250000
Sri Lanka,LKA,1700,1500000
Sri Lanka,LKA,1800,1750000
Sri Lanka,LKA,1820,1213000
Sri Lanka,LKA,1850,2217000
Sri Lanka,LKA,1860,1893000
Sri Lanka,LKA,1870,2786000
Sri Lanka,LKA,1880,3021000
Sri Lanka,LKA,1890,3343000
Sri Lanka,LKA,1900,3912000
Sri Lanka,LKA,1910,4668000
Sri Lanka,LKA,1920,5250000
Sri Lanka,LKA,1930,5707000
Sri Lanka,LKA,1940,6134000
Sri Lanka,LKA,1950,7533097
Sri Lanka,LKA,1960,9913000
Sri Lanka,LKA,1970,12619000
Sri Lanka,LKA,1980,15056000
Sri Lanka,LKA,1990,17365000
Sri Lanka,LKA,2000,19436000
Suriname,SUR,1800,80721
Suriname,SUR,1820,80721
Suriname,SUR,1910,95000
Suriname,SUR,1920,136000
Suriname,SUR,1930,153000
Suriname,SUR,1940,184000
Suriname,SUR,1950,208068
Suriname,SUR,1960,284000
Suriname,SUR,1970,372000
Suriname,SUR,1980,354000
Suriname,SUR,1990,395000
Suriname,SUR,2000,432000
Sweden,SWE,1500,550000
Sweden,SWE,1600,760000
Sweden,SWE,1700,1260000
Sweden,SWE,1750,1781000
Sweden,SWE,1800,2500000
Sweden,SWE,1810,2396000
Sweden,SWE,1820,2573000
Sweden,SWE,1830,2876000
Sweden,SWE,1840,3123000
Sweden,SWE,1850,3462000
Sweden,SWE,1860,3824000
Sweden,SWE,1870,4164000
Sweden,SWE,1880,4572000
Sweden,SWE,1890,4780000
Sweden,SWE,1900,5117000
Sweden,SWE,1910,5449000
Sweden,SWE,1920,5876000
Sweden,SWE,1930,6131000
Sweden,SWE,1940,6356000
Sweden,SWE,1950,7014005
Sweden,SWE,1960,7480395
Sweden,SWE,1970,8042803
Sweden,SWE,1980,8310473
Sweden,SWE,1990,8559000
Sweden,SWE,2000,8872000
Switzerland,CHE,1500,650000
Switzerland,CHE,1600,1000000
Switzerland,CHE,1650,1000000
Switzerland,CHE,1700,1200000
Switzerland,CHE,1750,1500000
Switzerland,CHE,1800,1750000
Switzerland,CHE,1820,1986000
Switzerland,CHE,1830,2100000
Switzerland,CHE,1840,2220000
Switzerland,CHE,1850,2379000
Switzerland,CHE,1860,2510000
Switzerland,CHE,1870,2655000
Switzerland,CHE,1880,2839000
Switzerland,CHE,1890,2951000
Switzerland,CHE,1900,3300000
Switzerland,CHE,1910,3735000
Switzerland,CHE,1920,3877000
Switzerland,CHE,1930,4051000
Switzerland,CHE,1940,4226000
Switzerland,CHE,1950,4694000
Switzerland,CHE,1960,5362000
Switzerland,CHE,1970,6267000
Switzerland,CHE,1980,6385229
Switzerland,CHE,1990,6836626
Switzerland,CHE,2000,7266920
Syria,SYR,1500,1250000
Syria,SYR,1600,1400000
Syria,SYR,1700,1250000
Syria,SYR,1800,1250000
Syria,SYR,1820,1337000
Syria,SYR,1870,1582000
Syria,SYR,1900,1750000
Syria,SYR,1910,1994000
Syria,SYR,1950,3495000
Syria,SYR,1960,4532557
Syria,SYR,1970,6258053
Syria,SYR,1980,8773582
Syria,SYR,1990,12436046
Syria,SYR,2000,16305659
Tajikistan,TJK,1800,466629
Tajikistan,TJK,1820,466629
Tajikistan,TJK,1950,1530047
Tajikistan,TJK,1960,2080556
Tajikistan,TJK,1970,2938516
Tajikistan,TJK,1980,3966000
Tajikistan,TJK,1990,5272000
Tajikistan,TJK,2000,6230000
Tanzania,TZA,1500,1750000
Tanzania,TZA,1700,2500000
Tanzania,TZA,1800,3000000
Tanzania,TZA,1820,3019768
Tanzania,TZA,1850,5467536.8
Tanzania,TZA,1860,5413106.816
Tanzania,TZA,1870,5359218.69
Tanzania,TZA,1880,5305867.026
Tanzania,TZA,1890,5412944.534
Tanzania,TZA,1900,4995170.291
Tanzania,TZA,1910,4798921.907
Tanzania,TZA,1920,4798921.907
Tanzania,TZA,1930,5569344.789
Tanzania,TZA,1940,6400054.248
Tanzania,TZA,1950,7650000
Tanzania,TZA,1960,10072000
Tanzania,TZA,1970,13806869
Tanzania,TZA,1980,18665000
Tanzania,TZA,1990,25214000
Tanzania,TZA,2000,33712000
Thailand,THA,1500,2000000
Thailand,THA,1600,2250000
Thailand,THA,1700,2500000
Thailand,THA,1800,3000000
Thailand,THA,1820,4665000
Thailand,THA,1850,5230000
Thailand,THA,1870,5775000
Thailand,THA,1890,6670000
Thailand,THA,1900,7320000
Thailand,THA,1910,8305000
Thailand,THA,1920,9802000
Thailand,THA,1930,12392000
Thailand,THA,1940,15513000
Thailand,THA,1950,20041628
Thailand,THA,1960,27512750
Thailand,THA,1970,37090871
Thailand,THA,1980,47025764
Thailand,THA,1990,55196722
Thailand,THA,2000,61862928
Timor,TLS,1800,137262
Timor,TLS,1820,137262
Timor,TLS,1880,302000
Timor,TLS,1890,321000
Timor,TLS,1900,348000
Timor,TLS,1910,376000
Timor,TLS,1920,398000
Timor,TLS,1930,472000
Timor,TLS,1940,451000
Timor,TLS,1950,442000
Timor,TLS,1960,517000
Timor,TLS,1970,609000
Timor,TLS,1980,555000
Timor,TLS,1990,748000
Timor,TLS,2000,846599
Togo,TGO,1800,445985
Togo,TGO,1820,445985
Togo,TGO,1850,506578.2204
Togo,TGO,1860,537806.8397
Togo,TGO,1870,570960.5846
Togo,TGO,1880,624478.9314
Togo,TGO,1890,669595.4537
Togo,TGO,1900,717971.4945
Togo,TGO,1910,769842.543
Togo,TGO,1920,833695.0607
Togo,TGO,1930,967537.1535
Togo,TGO,1940,1111852.561
Togo,TGO,1950,1329000
Togo,TGO,1960,1572000
Togo,TGO,1970,1964128
Togo,TGO,1980,2481375
Togo,TGO,1990,3504813
Togo,TGO,2000,4711655
Tonga,TON,1700,16962
Tonga,TON,1800,18658
Tonga,TON,1840,18500
Tonga,TON,1850,18500
Tonga,TON,1900,20000
Tonga,TON,1910,23000
Tonga,TON,1920,25000
Tonga,TON,1930,29000
Tonga,TON,1940,34000
Tonga,TON,1950,45744
Tonga,TON,1960,63718
Tonga,TON,1970,83100
Tonga,TON,1980,91361
Tonga,TON,1990,92073
Tonga,TON,2000,102321
Trinidad and Tobago,TTO,1800,20000
Trinidad and Tobago,TTO,1820,60000
Trinidad and Tobago,TTO,1850,80000
Trinidad and Tobago,TTO,1860,99000
Trinidad and Tobago,TTO,1870,124000
Trinidad and Tobago,TTO,1880,171000
Trinidad and Tobago,TTO,1890,218000
Trinidad and Tobago,TTO,1900,268000
Trinidad and Tobago,TTO,1910,331000
Trinidad and Tobago,TTO,1920,389000
Trinidad and Tobago,TTO,1930,405000
Trinidad and Tobago,TTO,1940,476000
Trinidad and Tobago,TTO,1950,632000
Trinidad and Tobago,TTO,1960,841150
Trinidad and Tobago,TTO,1970,955000
Trinidad and Tobago,TTO,1980,1090513
Trinidad and Tobago,TTO,1990,1255000
Trinidad and Tobago,TTO,2000,1252000
Tunisia,TUN,1500,800000
Tunisia,TUN,1600,1000000
Tunisia,TUN,1700,800000
Tunisia,TUN,1800,800000
Tunisia,TUN,1820,875000
Tunisia,TUN,1850,1112622.135
Tunisia,TUN,1860,1230256.731
Tunisia,TUN,1870,1360328.522
Tunisia,TUN,1880,1504152.459
Tunisia,TUN,1890,1663182.52
Tunisia,TUN,1900,1832637.486
Tunisia,TUN,1910,2154005.747
Tunisia,TUN,1920,2265435.137
Tunisia,TUN,1930,2529290.299
Tunisia,TUN,1940,3013966.092
Tunisia,TUN,1950,3498612.648
Tunisia,TUN,1960,4221000
Tunisia,TUN,1970,5098627
Tunisia,TUN,1980,6443183
Tunisia,TUN,1990,8211000
Tunisia,TUN,2000,9568000
Turkey,TUR,1500,6300000
Turkey,TUR,1600,7900000
Turkey,TUR,1700,8400000
Turkey,TUR,1820,10074000
Turkey,TUR,1870,11793000
Turkey,TUR,1910,15000000
Turkey,TUR,1920,13877000
Turkey,TUR,1930,14928000
Turkey,TUR,1940,17821000
Turkey,TUR,1950,21121639
Turkey,TUR,1960,28217122
Turkey,TUR,1970,35758382
Turkey,TUR,1980,45048000
Turkey,TUR,1990,56561000
Turkey,TUR,2000,67329000
Turkmenistan,TKM,1800,367215
Turkmenistan,TKM,1820,367215
Turkmenistan,TKM,1950,1204075
Turkmenistan,TKM,1960,1584820
Turkmenistan,TKM,1970,2181272
Turkmenistan,TKM,1980,2875133
Turkmenistan,TKM,1990,3658000
Turkmenistan,TKM,2000,4385000
Tuvalu,TUV,1800,2499
Tuvalu,TUV,1820,2499
Tuvalu,TUV,1950,4676
Tuvalu,TUV,1960,5264
Tuvalu,TUV,1970,5815
Tuvalu,TUV,1980,7490
Tuvalu,TUV,1990,9168
Tuvalu,TUV,2000,10838
Uganda,UGA,1500,1500000
Uganda,UGA,1700,2000000
Uganda,UGA,1800,2500000
Uganda,UGA,1820,2101397
Uganda,UGA,1850,2960342.571
Uganda,UGA,1860,3080910.616
Uganda,UGA,1870,3206389.124
Uganda,UGA,1880,3370364.288
Uganda,UGA,1890,3542725.162
Uganda,UGA,1900,3507456.909
Uganda,UGA,1910,3236749.322
Uganda,UGA,1920,3172593.854
Uganda,UGA,1930,3755121.624
Uganda,UGA,1940,4315226.119
Uganda,UGA,1950,5158000
Uganda,UGA,1960,6787000
Uganda,UGA,1970,9743000
Uganda,UGA,1980,12415000
Uganda,UGA,1990,17456000
Uganda,UGA,2000,23956000
Ukraine,UKR,1800,11215490
Ukraine,UKR,1820,11215490
Ukraine,UKR,1950,36774854
Ukraine,UKR,1960,42644035
Ukraine,UKR,1970,47235697
Ukraine,UKR,1980,50046649
Ukraine,UKR,1990,51622275
Ukraine,UKR,2000,49007559
United Arab Emirates,ARE,1800,40153
United Arab Emirates,ARE,1820,40153
United Arab Emirates,ARE,1870,40153
United Arab Emirates,ARE,1910,50995
United Arab Emirates,ARE,1950,71520
United Arab Emirates,ARE,1960,103048
United Arab Emirates,ARE,1970,249369
United Arab Emirates,ARE,1980,1000285
United Arab Emirates,ARE,1990,1826000
United Arab Emirates,ARE,2000,3219000
United Kingdom,GBR,1500,3942000
United Kingdom,GBR,1600,6170000
United Kingdom,GBR,1650,5800000
United Kingdom,GBR,1700,8565000
United Kingdom,GBR,1750,7250000
United Kingdom,GBR,1800,10750000
United Kingdom,GBR,1810,11970000
United Kingdom,GBR,1820,21239000
United Kingdom,GBR,1830,24139000
United Kingdom,GBR,1840,26745000
United Kingdom,GBR,1850,27181000
United Kingdom,GBR,1860,28888000
United Kingdom,GBR,1870,31400000
United Kingdom,GBR,1880,34623000
United Kingdom,GBR,1890,37485000
United Kingdom,GBR,1900,41155000
United Kingdom,GBR,1910,44916000
United Kingdom,GBR,1920,46821000
United Kingdom,GBR,1930,45866000
United Kingdom,GBR,1940,48226000
United Kingdom,GBR,1950,50127000
United Kingdom,GBR,1960,52372000
United Kingdom,GBR,1970,55632000
United Kingdom,GBR,1980,56314000
United Kingdom,GBR,1990,57493307
United Kingdom,GBR,2000,59522468
United States,USA,1500,2000000
United States,USA,1600,1500000
United States,USA,1700,1000000
United States,USA,1750,2000000
United States,USA,1800,6000000
United States,USA,1810,7240000
United States,USA,1820,9980510.2
United States,USA,1830,13240313.9
United States,USA,1840,17443768
United States,USA,1850,23579717.9
United States,USA,1860,31838900.7
United States,USA,1870,40240629.5
United States,USA,1880,50458000
United States,USA,1890,63302000
United States,USA,1900,76391000
United States,USA,1910,92767000
United States,USA,1920,106881000
United States,USA,1930,123668000
United States,USA,1940,132637000
United States,USA,1950,152271000
United States,USA,1960,180671000
United States,USA,1970,205052000
United States,USA,1980,227726463
United States,USA,1990,250131894
United States,USA,2000,282158000
Uruguay,URY,1800,55000
Uruguay,URY,1820,55000
Uruguay,URY,1850,132000
Uruguay,URY,1860,223000
Uruguay,URY,1870,343000
Uruguay,URY,1880,464000
Uruguay,URY,1890,686000
Uruguay,URY,1900,915000
Uruguay,URY,1910,1081000
Uruguay,URY,1920,1371000
Uruguay,URY,1930,1713000
Uruguay,URY,1940,1965000
Uruguay,URY,1950,2194275
Uruguay,URY,1960,2530969
Uruguay,URY,1970,2823659
Uruguay,URY,1980,2919851
Uruguay,URY,1990,3110000
Uruguay,URY,2000,3328000
Uzbekistan,UZB,1800,1919159
Uzbekistan,UZB,1820,1919159
Uzbekistan,UZB,1950,6292797
Uzbekistan,UZB,1960,8531032
Uzbekistan,UZB,1970,11940155
Uzbekistan,UZB,1980,15994000
Uzbekistan,UZB,1990,20530000
Uzbekistan,UZB,2000,25042000
Vanuatu,VUT,1800,27791
Vanuatu,VUT,1820,27791
Vanuatu,VUT,1910,67000
Vanuatu,VUT,1920,60000
Vanuatu,VUT,1930,60000
Vanuatu,VUT,1940,50000
Vanuatu,VUT,1950,52000
Vanuatu,VUT,1960,66087
Vanuatu,VUT,1970,85400
Vanuatu,VUT,1980,116771
Vanuatu,VUT,1990,153785
Vanuatu,VUT,2000,189618
Venezuela,VEN,1500,400000
Venezuela,VEN,1550,400000
Venezuela,VEN,1600,400000
Venezuela,VEN,1650,450000
Venezuela,VEN,1700,500000
Venezuela,VEN,1750,700000
Venezuela,VEN,1800,1000000
Venezuela,VEN,1810,802000
Venezuela,VEN,1820,718000
Venezuela,VEN,1830,887000
Venezuela,VEN,1840,1219000
Venezuela,VEN,1850,1324000
Venezuela,VEN,1870,1653000
Venezuela,VEN,1880,1952000
Venezuela,VEN,1890,2224000
Venezuela,VEN,1900,2542000
Venezuela,VEN,1910,2805000
Venezuela,VEN,1920,2992000
Venezuela,VEN,1930,3300000
Venezuela,VEN,1940,3784000
Venezuela,VEN,1950,5009006
Venezuela,VEN,1960,7556483
Venezuela,VEN,1970,10758017
Venezuela,VEN,1980,14767890
Venezuela,VEN,1990,19325222
Venezuela,VEN,2000,23493000
Vietnam,VNM,1500,2000000
Vietnam,VNM,1700,3000000
Vietnam,VNM,1800,4000000
Vietnam,VNM,1820,6551000
Vietnam,VNM,1850,6000000
Vietnam,VNM,1870,10528000
Vietnam,VNM,1900,11500000
Vietnam,VNM,1910,19339000
Vietnam,VNM,1930,17702000
Vietnam,VNM,1940,18972000
Vietnam,VNM,1950,25348144
Vietnam,VNM,1960,31656282
Vietnam,VNM,1970,42576676
Vietnam,VNM,1980,53715202
Vietnam,VNM,1990,67282704
Vietnam,VNM,2000,79060410
Yemen,YEM,1500,2250000
Yemen,YEM,1600,2500000
Yemen,YEM,1700,2250000
Yemen,YEM,1800,2593000
Yemen,YEM,1820,2593000
Yemen,YEM,1870,2840000
Yemen,YEM,1900,3000000
Yemen,YEM,1910,3284000
Yemen,YEM,1950,4777089
Yemen,YEM,1960,5871831
Yemen,YEM,1970,7098239
Yemen,YEM,1980,9132545
Yemen,YEM,1990,12416080
Yemen,YEM,2000,17495000
Zambia,ZMB,1800,747000
Zambia,ZMB,1850,1593228.511
Zambia,ZMB,1860,1608891.802
Zambia,ZMB,1870,1620363.939
Zambia,ZMB,1880,1638718.801
Zambia,ZMB,1890,1690158.598
Zambia,ZMB,1900,1673332.866
Zambia,ZMB,1910,1575600.773
Zambia,ZMB,1920,1513699.158
Zambia,ZMB,1930,1756709.67
Zambia,ZMB,1940,2018736.065
Zambia,ZMB,1950,2413000
Zambia,ZMB,1960,3138000
Zambia,ZMB,1970,4251612
Zambia,ZMB,1980,5699777
Zambia,ZMB,1990,7978000
Zambia,ZMB,2000,10205000
Zimbabwe,ZWE,1800,1085814
Zimbabwe,ZWE,1820,1085814
Zimbabwe,ZWE,1850,665718.4578
Zimbabwe,ZWE,1860,736103.1097
Zimbabwe,ZWE,1870,813929.3447
Zimbabwe,ZWE,1880,899983.9418
Zimbabwe,ZWE,1890,995136.8637
Zimbabwe,ZWE,1900,1100350.053
Zimbabwe,ZWE,1910,1295313.224
Zimbabwe,ZWE,1920,1510739.75
Zimbabwe,ZWE,1930,1860021.768
Zimbabwe,ZWE,1940,2271462.314
Zimbabwe,ZWE,1950,2747000
Zimbabwe,ZWE,1960,3751000
Zimbabwe,ZWE,1970,5514536
Zimbabwe,ZWE,1980,7169968
Zimbabwe,ZWE,1990,10156000
Zimbabwe,ZWE,2000,11820000